system,seed,conflict,generator,metric,mean,ci_low,ci_high,n
branch_full,0,False,COSY,acoustic_correct,0.7788461538461539,0.7068965517241379,0.8469387755102041,104
branch_full,0,False,COSY,semantic_follow,0.7788461538461539,0.7068965517241379,0.8469387755102041,104
branch_full,0,False,COSY,other,0.22115384615384615,0.15306122448979592,0.29310344827586204,104
branch_full,0,False,COSY,acoustic_margin,0.0,0.0,0.0,104
branch_full,0,False,F5TTS,acoustic_correct,0.8461538461538461,0.7755102040816326,0.9186046511627907,104
branch_full,0,False,F5TTS,semantic_follow,0.8461538461538461,0.7755102040816326,0.9186046511627907,104
branch_full,0,False,F5TTS,other,0.15384615384615385,0.08139534883720931,0.22448979591836735,104
branch_full,0,False,F5TTS,acoustic_margin,0.0,0.0,0.0,104
branch_full,0,False,STYLE,acoustic_correct,0.7211538461538461,0.65,0.8023255813953488,104
branch_full,0,False,STYLE,semantic_follow,0.7211538461538461,0.65,0.8023255813953488,104
branch_full,0,False,STYLE,other,0.27884615384615385,0.19767441860465115,0.35,104
branch_full,0,False,STYLE,acoustic_margin,0.0,0.0,0.0,104
branch_full,0,True,COSY,acoustic_correct,0.42948717948717946,0.36936936936936937,0.4807692307692308,312
branch_full,0,True,COSY,semantic_follow,0.3108974358974359,0.2568306010928962,0.38738738738738737,312
branch_full,0,True,COSY,other,0.25961538461538464,0.2107843137254902,0.2960199004975124,312
branch_full,0,True,COSY,acoustic_margin,0.3856169862839847,-0.014257701819620695,0.680721884625338,312
branch_full,0,True,F5TTS,acoustic_correct,0.34935897435897434,0.2857142857142857,0.4038527397260273,312
branch_full,0,True,F5TTS,semantic_follow,0.4967948717948718,0.4281609195402299,0.5882352941176471,312
branch_full,0,True,F5TTS,other,0.15384615384615385,0.10077519379844961,0.19551630434782605,312
branch_full,0,True,F5TTS,acoustic_margin,-0.6268028900660096,-1.1255114578682086,-0.2437132759015466,312
branch_full,0,True,STYLE,acoustic_correct,0.5288461538461539,0.48188405797101447,0.5727272727272728,312
branch_full,0,True,STYLE,semantic_follow,0.3076923076923077,0.272108843537415,0.35271317829457366,312
branch_full,0,True,STYLE,other,0.16346153846153846,0.1303030303030303,0.1956521739130435,312
branch_full,0,True,STYLE,acoustic_margin,0.7930689053475641,0.5149414469578484,1.0536010116413537,312
branch_no_continuous,0,False,COSY,acoustic_correct,0.5096153846153846,0.42727272727272725,0.6046511627906976,104
branch_no_continuous,0,False,COSY,semantic_follow,0.5096153846153846,0.42727272727272725,0.6046511627906976,104
branch_no_continuous,0,False,COSY,other,0.49038461538461536,0.3953488372093023,0.5727272727272728,104
branch_no_continuous,0,False,COSY,acoustic_margin,0.0,0.0,0.0,104
branch_no_continuous,0,False,F5TTS,acoustic_correct,0.46153846153846156,0.3828125,0.5612244897959183,104
branch_no_continuous,0,False,F5TTS,semantic_follow,0.46153846153846156,0.3828125,0.5612244897959183,104
branch_no_continuous,0,False,F5TTS,other,0.5384615384615384,0.4387755102040816,0.6171875,104
branch_no_continuous,0,False,F5TTS,acoustic_margin,0.0,0.0,0.0,104
branch_no_continuous,0,False,STYLE,acoustic_correct,0.5192307692307693,0.4594594594594595,0.5909090909090909,104
branch_no_continuous,0,False,STYLE,semantic_follow,0.5192307692307693,0.4594594594594595,0.5909090909090909,104
branch_no_continuous,0,False,STYLE,other,0.4807692307692308,0.4090909090909091,0.5405405405405406,104
branch_no_continuous,0,False,STYLE,acoustic_margin,0.0,0.0,0.0,104
branch_no_continuous,0,True,COSY,acoustic_correct,0.2532051282051282,0.19641981792717086,0.30303030303030304,312
branch_no_continuous,0,True,COSY,semantic_follow,0.358974358974359,0.3005464480874317,0.4411764705882353,312
branch_no_continuous,0,True,COSY,other,0.38782051282051283,0.31862745098039214,0.4384150399290149,312
branch_no_continuous,0,True,COSY,acoustic_margin,-0.22015224252708065,-0.47411052440954043,-0.007168017441709482,312
branch_no_continuous,0,True,F5TTS,acoustic_correct,0.2532051282051282,0.2107843137254902,0.29310344827586204,312
branch_no_continuous,0,True,F5TTS,semantic_follow,0.3557692307692308,0.29393939393939394,0.4418604651162791,312
branch_no_continuous,0,True,F5TTS,other,0.391025641025641,0.3333333333333333,0.4333447488584473,312
branch_no_continuous,0,True,F5TTS,acoustic_margin,-0.13681890422072357,-0.3985968602832908,0.05877229434775261,312
branch_no_continuous,0,True,STYLE,acoustic_correct,0.25961538461538464,0.2210144927536232,0.29457364341085274,312
branch_no_continuous,0,True,STYLE,semantic_follow,0.41346153846153844,0.3524590163934426,0.48484848484848486,312
branch_no_continuous,0,True,STYLE,other,0.3269230769230769,0.2608695652173913,0.3850574712643678,312
branch_no_continuous,0,True,STYLE,acoustic_margin,-0.32031249401207346,-0.5200650983996457,-0.13780605639783877,312
branch_no_discrete,0,False,COSY,acoustic_correct,0.7596153846153846,0.6956521739130435,0.8255940343781596,104
branch_no_discrete,0,False,COSY,semantic_follow,0.7596153846153846,0.6956521739130435,0.8255940343781596,104
branch_no_discrete,0,False,COSY,other,0.2403846153846154,0.17440596562184027,0.30434782608695654,104
branch_no_discrete,0,False,COSY,acoustic_margin,0.0,0.0,0.0,104
branch_no_discrete,0,False,F5TTS,acoustic_correct,0.8653846153846154,0.8017241379310345,0.9302325581395349,104
branch_no_discrete,0,False,F5TTS,semantic_follow,0.8653846153846154,0.8017241379310345,0.9302325581395349,104
branch_no_discrete,0,False,F5TTS,other,0.1346153846153846,0.06976744186046512,0.19827586206896552,104
branch_no_discrete,0,False,F5TTS,acoustic_margin,0.0,0.0,0.0,104
branch_no_discrete,0,False,STYLE,acoustic_correct,0.7403846153846154,0.6724137931034483,0.813985085945399,104
branch_no_discrete,0,False,STYLE,semantic_follow,0.7403846153846154,0.6724137931034483,0.813985085945399,104
branch_no_discrete,0,False,STYLE,other,0.25961538461538464,0.18601491405460063,0.3275862068965517,104
branch_no_discrete,0,False,STYLE,acoustic_margin,0.0,0.0,0.0,104
branch_no_discrete,0,True,COSY,acoustic_correct,0.3814102564102564,0.3197278911564626,0.4393939393939394,312
branch_no_discrete,0,True,COSY,semantic_follow,0.3685897435897436,0.31212121212121213,0.4387755102040816,312
branch_no_discrete,0,True,COSY,other,0.25,0.20833333333333334,0.28160919540229884,312
branch_no_discrete,0,True,COSY,acoustic_margin,0.04146634390464243,-0.34108527075646394,0.3356076133124198,312
branch_no_discrete,0,True,F5TTS,acoustic_correct,0.30128205128205127,0.23423423423423423,0.3567801339285713,312
branch_no_discrete,0,True,F5TTS,semantic_follow,0.5608974358974359,0.4900497512437811,0.6557971014492754,312
branch_no_discrete,0,True,F5TTS,other,0.13782051282051283,0.09523809523809523,0.1724137931034483,312
branch_no_discrete,0,True,F5TTS,acoustic_margin,-0.9214743646779635,-1.3935889396847523,-0.5496833060158365,312
branch_no_discrete,0,True,STYLE,acoustic_correct,0.5224358974358975,0.47959183673469385,0.5632183908045977,312
branch_no_discrete,0,True,STYLE,semantic_follow,0.3333333333333333,0.2923497267759563,0.391304347826087,312
branch_no_discrete,0,True,STYLE,other,0.14423076923076922,0.10256410256410256,0.18032786885245902,312
branch_no_discrete,0,True,STYLE,acoustic_margin,0.8062900572668952,0.5033854180391865,1.0849653131714334,312
branch_rolled_continuous,0,False,COSY,acoustic_correct,0.7115384615384616,0.625,0.7909090909090909,104
branch_rolled_continuous,0,False,COSY,semantic_follow,0.7115384615384616,0.625,0.7909090909090909,104
branch_rolled_continuous,0,False,COSY,other,0.28846153846153844,0.20909090909090908,0.375,104
branch_rolled_continuous,0,False,COSY,acoustic_margin,0.0,0.0,0.0,104
branch_rolled_continuous,0,False,F5TTS,acoustic_correct,0.7980769230769231,0.725,0.875,104
branch_rolled_continuous,0,False,F5TTS,semantic_follow,0.7980769230769231,0.725,0.875,104
branch_rolled_continuous,0,False,F5TTS,other,0.20192307692307693,0.125,0.275,104
branch_rolled_continuous,0,False,F5TTS,acoustic_margin,0.0,0.0,0.0,104
branch_rolled_continuous,0,False,STYLE,acoustic_correct,0.75,0.6818181818181818,0.825,104
branch_rolled_continuous,0,False,STYLE,semantic_follow,0.75,0.6818181818181818,0.825,104
branch_rolled_continuous,0,False,STYLE,other,0.25,0.175,0.3181818181818182,104
branch_rolled_continuous,0,False,STYLE,acoustic_margin,0.0,0.0,0.0,104
branch_rolled_continuous,0,True,COSY,acoustic_correct,0.3108974358974359,0.2596899224806202,0.3557692307692308,312
branch_rolled_continuous,0,True,COSY,semantic_follow,0.4551282051282051,0.3881278538812785,0.5333333333333333,312
branch_rolled_continuous,0,True,COSY,other,0.23397435897435898,0.18018018018018017,0.2786458333333333,312
branch_rolled_continuous,0,True,COSY,acoustic_margin,-0.84655448637652,-1.2214840981381545,-0.5488306235879785,312
branch_rolled_continuous,0,True,F5TTS,acoustic_correct,0.2467948717948718,0.19369369369369369,0.2948717948717949,312
branch_rolled_continuous,0,True,F5TTS,semantic_follow,0.5865384615384616,0.5143510864430798,0.6715686274509803,312
branch_rolled_continuous,0,True,F5TTS,other,0.16666666666666666,0.11956521739130435,0.20512820512820512,312
branch_rolled_continuous,0,True,F5TTS,acoustic_margin,-1.3768028838482376,-1.8413110292953592,-0.9771141135632985,312
branch_rolled_continuous,0,True,STYLE,acoustic_correct,0.4166666666666667,0.36231884057971014,0.4666666666666667,312
branch_rolled_continuous,0,True,STYLE,semantic_follow,0.3974358974358974,0.34195402298850575,0.46568627450980393,312
branch_rolled_continuous,0,True,STYLE,other,0.1858974358974359,0.14625850340136054,0.22727272727272727,312
branch_rolled_continuous,0,True,STYLE,acoustic_margin,-0.12840544246435642,-0.5101958714862386,0.20156605649263254,312
decision_adapter_layer25,20260903,False,COSY,acoustic_correct,0.7692307692307693,0.7131147540983607,0.8365384615384616,104
decision_adapter_layer25,20260903,False,COSY,semantic_follow,0.7692307692307693,0.7131147540983607,0.8365384615384616,104
decision_adapter_layer25,20260903,False,COSY,other,0.23076923076923078,0.16346153846153846,0.28688524590163933,104
decision_adapter_layer25,20260903,False,COSY,acoustic_margin,0.0,0.0,0.0,104
decision_adapter_layer25,20260903,False,F5TTS,acoustic_correct,0.8365384615384616,0.7551020408163265,0.9230769230769231,104
decision_adapter_layer25,20260903,False,F5TTS,semantic_follow,0.8365384615384616,0.7551020408163265,0.9230769230769231,104
decision_adapter_layer25,20260903,False,F5TTS,other,0.16346153846153846,0.07692307692307693,0.24489795918367346,104
decision_adapter_layer25,20260903,False,F5TTS,acoustic_margin,0.0,0.0,0.0,104
decision_adapter_layer25,20260903,False,STYLE,acoustic_correct,0.7980769230769231,0.725,0.8727272727272727,104
decision_adapter_layer25,20260903,False,STYLE,semantic_follow,0.7980769230769231,0.725,0.8727272727272727,104
decision_adapter_layer25,20260903,False,STYLE,other,0.20192307692307693,0.12727272727272726,0.275,104
decision_adapter_layer25,20260903,False,STYLE,acoustic_margin,0.0,0.0,0.0,104
decision_adapter_layer25,20260903,True,COSY,acoustic_correct,0.5032051282051282,0.4519230769230769,0.5503875968992248,312
decision_adapter_layer25,20260903,True,COSY,semantic_follow,0.27564102564102566,0.22885572139303484,0.3416666666666667,312
decision_adapter_layer25,20260903,True,COSY,other,0.22115384615384615,0.17307692307692307,0.25862068965517243,312
decision_adapter_layer25,20260903,True,COSY,acoustic_margin,0.9691506324758311,0.4206414339059516,1.3650141362899906,312
decision_adapter_layer25,20260903,True,F5TTS,acoustic_correct,0.4166666666666667,0.3480392156862745,0.4696969696969697,312
decision_adapter_layer25,20260903,True,F5TTS,semantic_follow,0.42948717948717946,0.35792349726775957,0.5253623188405797,312
decision_adapter_layer25,20260903,True,F5TTS,other,0.15384615384615385,0.10576923076923077,0.1937984496124031,312
decision_adapter_layer25,20260903,True,F5TTS,acoustic_margin,-0.3325320575774337,-0.9796650994334286,0.13125596757833816,312
decision_adapter_layer25,20260903,True,STYLE,acoustic_correct,0.5576923076923077,0.5077519379844961,0.6054503532182103,312
decision_adapter_layer25,20260903,True,STYLE,semantic_follow,0.2948717948717949,0.24848484848484848,0.3558741881416297,312
decision_adapter_layer25,20260903,True,STYLE,other,0.14743589743589744,0.11224489795918367,0.17759562841530055,312
decision_adapter_layer25,20260903,True,STYLE,acoustic_margin,1.483373403059653,1.0298423570983777,1.8728799505971687,312
decision_adapter_layer25,20260904,False,COSY,acoustic_correct,0.7884615384615384,0.7297297297297297,0.8448275862068966,104
decision_adapter_layer25,20260904,False,COSY,semantic_follow,0.7884615384615384,0.7297297297297297,0.8448275862068966,104
decision_adapter_layer25,20260904,False,COSY,other,0.21153846153846154,0.15517241379310345,0.2702702702702703,104
decision_adapter_layer25,20260904,False,COSY,acoustic_margin,0.0,0.0,0.0,104
decision_adapter_layer25,20260904,False,F5TTS,acoustic_correct,0.8846153846153846,0.8219055772994129,0.9489795918367347,104
decision_adapter_layer25,20260904,False,F5TTS,semantic_follow,0.8846153846153846,0.8219055772994129,0.9489795918367347,104
decision_adapter_layer25,20260904,False,F5TTS,other,0.11538461538461539,0.05102040816326531,0.1780944227005869,104
decision_adapter_layer25,20260904,False,F5TTS,acoustic_margin,0.0,0.0,0.0,104
decision_adapter_layer25,20260904,False,STYLE,acoustic_correct,0.8076923076923077,0.734375,0.880627544097693,104
decision_adapter_layer25,20260904,False,STYLE,semantic_follow,0.8076923076923077,0.734375,0.880627544097693,104
decision_adapter_layer25,20260904,False,STYLE,other,0.19230769230769232,0.11937245590230668,0.265625,104
decision_adapter_layer25,20260904,False,STYLE,acoustic_margin,0.0,0.0,0.0,104
decision_adapter_layer25,20260904,True,COSY,acoustic_correct,0.483974358974359,0.4358974358974359,0.5272108843537415,312
decision_adapter_layer25,20260904,True,COSY,semantic_follow,0.2948717948717949,0.24242424242424243,0.3602150537634409,312
decision_adapter_layer25,20260904,True,COSY,other,0.22115384615384615,0.17829457364341086,0.25725461133069816,312
decision_adapter_layer25,20260904,True,COSY,acoustic_margin,1.0600961605654073,0.5748023275838402,1.4292158132032893,312
decision_adapter_layer25,20260904,True,F5TTS,acoustic_correct,0.41025641025641024,0.32882882882882886,0.47619047619047616,312
decision_adapter_layer25,20260904,True,F5TTS,semantic_follow,0.4326923076923077,0.3515135046113307,0.5416666666666666,312
decision_adapter_layer25,20260904,True,F5TTS,other,0.15705128205128205,0.11494252873563218,0.18992702277131776,312
decision_adapter_layer25,20260904,True,F5TTS,acoustic_margin,-0.2542067322199448,-0.8651274815679446,0.19708030045662084,312
decision_adapter_layer25,20260904,True,STYLE,acoustic_correct,0.6185897435897436,0.564623107307439,0.673469387755102,312
decision_adapter_layer25,20260904,True,STYLE,semantic_follow,0.2724358974358974,0.23076923076923078,0.322463768115942,312
decision_adapter_layer25,20260904,True,STYLE,other,0.10897435897435898,0.07482699976542341,0.1380520476598169,312
decision_adapter_layer25,20260904,True,STYLE,acoustic_margin,1.8014823805573634,1.3551677293680262,2.2325821239929584,312
decision_adapter_layer25,20260905,False,COSY,acoustic_correct,0.7692307692307693,0.7040816326530612,0.8278688524590164,104
decision_adapter_layer25,20260905,False,COSY,semantic_follow,0.7692307692307693,0.7040816326530612,0.8278688524590164,104
decision_adapter_layer25,20260905,False,COSY,other,0.23076923076923078,0.1721311475409836,0.29591836734693877,104
decision_adapter_layer25,20260905,False,COSY,acoustic_margin,0.0,0.0,0.0,104
decision_adapter_layer25,20260905,False,F5TTS,acoustic_correct,0.8653846153846154,0.8,0.9363636363636364,104
decision_adapter_layer25,20260905,False,F5TTS,semantic_follow,0.8653846153846154,0.8,0.9363636363636364,104
decision_adapter_layer25,20260905,False,F5TTS,other,0.1346153846153846,0.06363636363636363,0.2,104
decision_adapter_layer25,20260905,False,F5TTS,acoustic_margin,0.0,0.0,0.0,104
decision_adapter_layer25,20260905,False,STYLE,acoustic_correct,0.8076923076923077,0.7307692307692307,0.8853022540983598,104
decision_adapter_layer25,20260905,False,STYLE,semantic_follow,0.8076923076923077,0.7307692307692307,0.8853022540983598,104
decision_adapter_layer25,20260905,False,STYLE,other,0.19230769230769232,0.11469774590163939,0.2692307692307692,104
decision_adapter_layer25,20260905,False,STYLE,acoustic_margin,0.0,0.0,0.0,104
decision_adapter_layer25,20260905,True,COSY,acoustic_correct,0.4775641025641026,0.4166666666666667,0.5316091954022989,312
decision_adapter_layer25,20260905,True,COSY,semantic_follow,0.28846153846153844,0.2369655402131783,0.35660299003322243,312
decision_adapter_layer25,20260905,True,COSY,other,0.23397435897435898,0.1870748299319728,0.2696969696969697,312
decision_adapter_layer25,20260905,True,COSY,acoustic_margin,0.9074519179516639,0.4292635587725406,1.270078416641861,312
decision_adapter_layer25,20260905,True,F5TTS,acoustic_correct,0.3974358974358974,0.3279569892473118,0.44871794871794873,312
decision_adapter_layer25,20260905,True,F5TTS,semantic_follow,0.47115384615384615,0.4018218055243656,0.5677163052721088,312
decision_adapter_layer25,20260905,True,F5TTS,other,0.13141025641025642,0.08914728682170543,0.1696969696969697,312
decision_adapter_layer25,20260905,True,F5TTS,acoustic_margin,-0.3834134503058755,-0.9586042130707727,0.04866827743390977,312
decision_adapter_layer25,20260905,True,STYLE,acoustic_correct,0.5576923076923077,0.5192307692307693,0.5948275862068966,312
decision_adapter_layer25,20260905,True,STYLE,semantic_follow,0.3108974358974359,0.2753623188405797,0.35658914728682173,312
decision_adapter_layer25,20260905,True,STYLE,other,0.13141025641025642,0.09696969696969697,0.16304347826086957,312
decision_adapter_layer25,20260905,True,STYLE,acoustic_margin,1.396634614886119,1.0014245336498984,1.7674320871882712,312
full_sequence_adapter_layer22,20260903,False,COSY,acoustic_correct,0.7596153846153846,0.7040816326530612,0.8181818181818182,104
full_sequence_adapter_layer22,20260903,False,COSY,semantic_follow,0.7596153846153846,0.7040816326530612,0.8181818181818182,104
full_sequence_adapter_layer22,20260903,False,COSY,other,0.2403846153846154,0.18181818181818182,0.29591836734693877,104
full_sequence_adapter_layer22,20260903,False,COSY,acoustic_margin,0.0,0.0,0.0,104
full_sequence_adapter_layer22,20260903,False,F5TTS,acoustic_correct,0.875,0.8163265306122449,0.9387755102040817,104
full_sequence_adapter_layer22,20260903,False,F5TTS,semantic_follow,0.875,0.8163265306122449,0.9387755102040817,104
full_sequence_adapter_layer22,20260903,False,F5TTS,other,0.125,0.061224489795918366,0.1836734693877551,104
full_sequence_adapter_layer22,20260903,False,F5TTS,acoustic_margin,0.0,0.0,0.0,104
full_sequence_adapter_layer22,20260903,False,STYLE,acoustic_correct,0.8076923076923077,0.7377049180327869,0.8823529411764706,104
full_sequence_adapter_layer22,20260903,False,STYLE,semantic_follow,0.8076923076923077,0.7377049180327869,0.8823529411764706,104
full_sequence_adapter_layer22,20260903,False,STYLE,other,0.19230769230769232,0.11764705882352941,0.26229508196721313,104
full_sequence_adapter_layer22,20260903,False,STYLE,acoustic_margin,0.0,0.0,0.0,104
full_sequence_adapter_layer22,20260903,True,COSY,acoustic_correct,0.47435897435897434,0.42628205128205127,0.5201222730471498,312
full_sequence_adapter_layer22,20260903,True,COSY,semantic_follow,0.3076923076923077,0.2547564935064935,0.37745348139255697,312
full_sequence_adapter_layer22,20260903,True,COSY,other,0.21794871794871795,0.1696969696969697,0.2578125,312
full_sequence_adapter_layer22,20260903,True,COSY,acoustic_margin,0.6688701885838945,0.16530687231341656,1.0375008913355814,312
full_sequence_adapter_layer22,20260903,True,F5TTS,acoustic_correct,0.3685897435897436,0.29583333333333334,0.42896174863387976,312
full_sequence_adapter_layer22,20260903,True,F5TTS,semantic_follow,0.4935897435897436,0.4207558518881005,0.5905797101449275,312
full_sequence_adapter_layer22,20260903,True,F5TTS,other,0.13782051282051283,0.09057971014492754,0.18027210884353742,312
full_sequence_adapter_layer22,20260903,True,F5TTS,acoustic_margin,-0.5152243542334196,-1.0983658727581012,-0.07064238732491734,312
full_sequence_adapter_layer22,20260903,True,STYLE,acoustic_correct,0.5576923076923077,0.5151515151515151,0.603030303030303,312
full_sequence_adapter_layer22,20260903,True,STYLE,semantic_follow,0.3141025641025641,0.27298850574712646,0.36486486486486486,312
full_sequence_adapter_layer22,20260903,True,STYLE,other,0.1282051282051282,0.09009009009009009,0.16091954022988506,312
full_sequence_adapter_layer22,20260903,True,STYLE,acoustic_margin,1.256009610791434,0.8775319817563563,1.593011353674099,312
full_sequence_adapter_layer22,20260904,False,COSY,acoustic_correct,0.7788461538461539,0.7244897959183674,0.8372093023255814,104
full_sequence_adapter_layer22,20260904,False,COSY,semantic_follow,0.7788461538461539,0.7244897959183674,0.8372093023255814,104
full_sequence_adapter_layer22,20260904,False,COSY,other,0.22115384615384615,0.16279069767441862,0.2755102040816326,104
full_sequence_adapter_layer22,20260904,False,COSY,acoustic_margin,0.0,0.0,0.0,104
full_sequence_adapter_layer22,20260904,False,F5TTS,acoustic_correct,0.8653846153846154,0.8,0.9363636363636364,104
full_sequence_adapter_layer22,20260904,False,F5TTS,semantic_follow,0.8653846153846154,0.8,0.9363636363636364,104
full_sequence_adapter_layer22,20260904,False,F5TTS,other,0.1346153846153846,0.06363636363636363,0.2,104
full_sequence_adapter_layer22,20260904,False,F5TTS,acoustic_margin,0.0,0.0,0.0,104
full_sequence_adapter_layer22,20260904,False,STYLE,acoustic_correct,0.7788461538461539,0.7142857142857143,0.8478260869565217,104
full_sequence_adapter_layer22,20260904,False,STYLE,semantic_follow,0.7788461538461539,0.7142857142857143,0.8478260869565217,104
full_sequence_adapter_layer22,20260904,False,STYLE,other,0.22115384615384615,0.15217391304347827,0.2857142857142857,104
full_sequence_adapter_layer22,20260904,False,STYLE,acoustic_margin,0.0,0.0,0.0,104
full_sequence_adapter_layer22,20260904,True,COSY,acoustic_correct,0.483974358974359,0.43410852713178294,0.5287356321839081,312
full_sequence_adapter_layer22,20260904,True,COSY,semantic_follow,0.3141025641025641,0.26822633605072466,0.37745098039215685,312
full_sequence_adapter_layer22,20260904,True,COSY,other,0.20192307692307693,0.15884114583333334,0.23744947226588806,312
full_sequence_adapter_layer22,20260904,True,COSY,acoustic_margin,0.8343349317743932,0.251124918075972,1.2734407047597032,312
full_sequence_adapter_layer22,20260904,True,F5TTS,acoustic_correct,0.40064102564102566,0.3231292517006803,0.4609375,312
full_sequence_adapter_layer22,20260904,True,F5TTS,semantic_follow,0.47435897435897434,0.40064102564102566,0.5737179487179487,312
full_sequence_adapter_layer22,20260904,True,F5TTS,other,0.125,0.08333333333333333,0.15942028985507245,312
full_sequence_adapter_layer22,20260904,True,F5TTS,acoustic_margin,-0.5418669858369797,-1.2224521808989444,-0.02603929586765966,312
full_sequence_adapter_layer22,20260904,True,STYLE,acoustic_correct,0.5608974358974359,0.5128205128205128,0.6090935214211076,312
full_sequence_adapter_layer22,20260904,True,STYLE,semantic_follow,0.30128205128205127,0.25961538461538464,0.3541666666666667,312
full_sequence_adapter_layer22,20260904,True,STYLE,other,0.13782051282051283,0.10077519379844961,0.17028985507246377,312
full_sequence_adapter_layer22,20260904,True,STYLE,acoustic_margin,1.3643830198278197,0.8941369905356821,1.7714023298808974,312
full_sequence_adapter_layer22,20260905,False,COSY,acoustic_correct,0.75,0.7014925373134329,0.8076923076923077,104
full_sequence_adapter_layer22,20260905,False,COSY,semantic_follow,0.75,0.7014925373134329,0.8076923076923077,104
full_sequence_adapter_layer22,20260905,False,COSY,other,0.25,0.19230769230769232,0.29850746268656714,104
full_sequence_adapter_layer22,20260905,False,COSY,acoustic_margin,0.0,0.0,0.0,104
full_sequence_adapter_layer22,20260905,False,F5TTS,acoustic_correct,0.8461538461538461,0.7755102040816326,0.918918918918919,104
full_sequence_adapter_layer22,20260905,False,F5TTS,semantic_follow,0.8461538461538461,0.7755102040816326,0.918918918918919,104
full_sequence_adapter_layer22,20260905,False,F5TTS,other,0.15384615384615385,0.08108108108108109,0.22448979591836735,104
full_sequence_adapter_layer22,20260905,False,F5TTS,acoustic_margin,0.0,0.0,0.0,104
full_sequence_adapter_layer22,20260905,False,STYLE,acoustic_correct,0.7403846153846154,0.6630434782608695,0.8260869565217391,104
full_sequence_adapter_layer22,20260905,False,STYLE,semantic_follow,0.7403846153846154,0.6630434782608695,0.8260869565217391,104
full_sequence_adapter_layer22,20260905,False,STYLE,other,0.25961538461538464,0.17391304347826086,0.33695652173913043,104
full_sequence_adapter_layer22,20260905,False,STYLE,acoustic_margin,0.0,0.0,0.0,104
full_sequence_adapter_layer22,20260905,True,COSY,acoustic_correct,0.46153846153846156,0.41472868217054265,0.5034013605442177,312
full_sequence_adapter_layer22,20260905,True,COSY,semantic_follow,0.28205128205128205,0.23497267759562843,0.35034013605442177,312
full_sequence_adapter_layer22,20260905,True,COSY,other,0.2564102564102564,0.20430107526881722,0.2959198334506216,312
full_sequence_adapter_layer22,20260905,True,COSY,acoustic_margin,0.813301288561585,0.3097328553291635,1.171795823984954,312
full_sequence_adapter_layer22,20260905,True,F5TTS,acoustic_correct,0.375,0.3083242753623189,0.4303030303030303,312
full_sequence_adapter_layer22,20260905,True,F5TTS,semantic_follow,0.4807692307692308,0.4121212121212121,0.5737428160919537,312
full_sequence_adapter_layer22,20260905,True,F5TTS,other,0.14423076923076922,0.10144927536231885,0.1787878787878788,312
full_sequence_adapter_layer22,20260905,True,F5TTS,acoustic_margin,-0.4625400621589506,-1.091345841656999,0.006070074578976318,312
full_sequence_adapter_layer22,20260905,True,STYLE,acoustic_correct,0.5480769230769231,0.5041666666666667,0.5901639344262295,312
full_sequence_adapter_layer22,20260905,True,STYLE,semantic_follow,0.28525641025641024,0.24316939890710382,0.34057971014492755,312
full_sequence_adapter_layer22,20260905,True,STYLE,other,0.16666666666666666,0.11904761904761904,0.20689655172413793,312
full_sequence_adapter_layer22,20260905,True,STYLE,acoustic_margin,1.4429086630399792,1.0356632658908864,1.7814932414660054,312
ordinary_lora_layer22,20260903,False,COSY,acoustic_correct,0.8076923076923077,0.7346938775510204,0.875,104
ordinary_lora_layer22,20260903,False,COSY,semantic_follow,0.8076923076923077,0.7346938775510204,0.875,104
ordinary_lora_layer22,20260903,False,COSY,other,0.19230769230769232,0.125,0.2653061224489796,104
ordinary_lora_layer22,20260903,False,COSY,acoustic_margin,0.0,0.0,0.0,104
ordinary_lora_layer22,20260903,False,F5TTS,acoustic_correct,0.9230769230769231,0.880406671664168,0.9651263031275059,104
ordinary_lora_layer22,20260903,False,F5TTS,semantic_follow,0.9230769230769231,0.880406671664168,0.9651263031275059,104
ordinary_lora_layer22,20260903,False,F5TTS,other,0.07692307692307693,0.034873696872493996,0.11959332833583168,104
ordinary_lora_layer22,20260903,False,F5TTS,acoustic_margin,0.0,0.0,0.0,104
ordinary_lora_layer22,20260903,False,STYLE,acoustic_correct,0.8076923076923077,0.7391304347826086,0.8818181818181818,104
ordinary_lora_layer22,20260903,False,STYLE,semantic_follow,0.8076923076923077,0.7391304347826086,0.8818181818181818,104
ordinary_lora_layer22,20260903,False,STYLE,other,0.19230769230769232,0.11818181818181818,0.2608695652173913,104
ordinary_lora_layer22,20260903,False,STYLE,acoustic_margin,0.0,0.0,0.0,104
ordinary_lora_layer22,20260903,True,COSY,acoustic_correct,0.46794871794871795,0.41156462585034015,0.5192307692307693,312
ordinary_lora_layer22,20260903,True,COSY,semantic_follow,0.2980769230769231,0.2462686567164179,0.3605457637600495,312
ordinary_lora_layer22,20260903,True,COSY,other,0.23397435897435898,0.18840579710144928,0.272108843537415,312
ordinary_lora_layer22,20260903,True,COSY,acoustic_margin,1.0096153745983965,0.4150787438896426,1.4751641643754052,312
ordinary_lora_layer22,20260903,True,F5TTS,acoustic_correct,0.3782051282051282,0.3063036874083386,0.4378152840448918,312
ordinary_lora_layer22,20260903,True,F5TTS,semantic_follow,0.5192307692307693,0.4489795918367347,0.6050817065956816,312
ordinary_lora_layer22,20260903,True,F5TTS,other,0.10256410256410256,0.07371794871794872,0.13063063063063063,312
ordinary_lora_layer22,20260903,True,F5TTS,acoustic_margin,-0.5460737219963891,-1.2633085316127894,0.041833267842242845,312
ordinary_lora_layer22,20260903,True,STYLE,acoustic_correct,0.5641025641025641,0.509009009009009,0.6151515151515151,312
ordinary_lora_layer22,20260903,True,STYLE,semantic_follow,0.3076923076923077,0.25862068965517243,0.3707482993197279,312
ordinary_lora_layer22,20260903,True,STYLE,other,0.1282051282051282,0.09420289855072464,0.15766736564150344,312
ordinary_lora_layer22,20260903,True,STYLE,acoustic_margin,1.8956330009356093,1.320790063189527,2.4098536738836627,312
ordinary_lora_layer22,20260904,False,COSY,acoustic_correct,0.8269230769230769,0.7653061224489796,0.8875,104
ordinary_lora_layer22,20260904,False,COSY,semantic_follow,0.8269230769230769,0.7653061224489796,0.8875,104
ordinary_lora_layer22,20260904,False,COSY,other,0.17307692307692307,0.1125,0.23469387755102042,104
ordinary_lora_layer22,20260904,False,COSY,acoustic_margin,0.0,0.0,0.0,104
ordinary_lora_layer22,20260904,False,F5TTS,acoustic_correct,0.9134615384615384,0.8557692307692307,0.9693877551020408,104
ordinary_lora_layer22,20260904,False,F5TTS,semantic_follow,0.9134615384615384,0.8557692307692307,0.9693877551020408,104
ordinary_lora_layer22,20260904,False,F5TTS,other,0.08653846153846154,0.030612244897959183,0.14423076923076922,104
ordinary_lora_layer22,20260904,False,F5TTS,acoustic_margin,0.0,0.0,0.0,104
ordinary_lora_layer22,20260904,False,STYLE,acoustic_correct,0.7980769230769231,0.7327586206896551,0.8673469387755102,104
ordinary_lora_layer22,20260904,False,STYLE,semantic_follow,0.7980769230769231,0.7327586206896551,0.8673469387755102,104
ordinary_lora_layer22,20260904,False,STYLE,other,0.20192307692307693,0.1326530612244898,0.2672413793103448,104
ordinary_lora_layer22,20260904,False,STYLE,acoustic_margin,0.0,0.0,0.0,104
ordinary_lora_layer22,20260904,True,COSY,acoustic_correct,0.48717948717948717,0.43410852713178294,0.536036036036036,312
ordinary_lora_layer22,20260904,True,COSY,semantic_follow,0.3108974358974359,0.26865671641791045,0.3643410852713178,312
ordinary_lora_layer22,20260904,True,COSY,other,0.20192307692307693,0.16175704656862747,0.2375,312
ordinary_lora_layer22,20260904,True,COSY,acoustic_margin,1.367387816167768,0.8046150461928905,1.8015452076105463,312
ordinary_lora_layer22,20260904,True,F5TTS,acoustic_correct,0.3782051282051282,0.2972972972972973,0.4454022988505747,312
ordinary_lora_layer22,20260904,True,F5TTS,semantic_follow,0.5128205128205128,0.43988482193329564,0.6085271317829457,312
ordinary_lora_layer22,20260904,True,F5TTS,other,0.10897435897435898,0.07083333333333333,0.14423076923076922,312
ordinary_lora_layer22,20260904,True,F5TTS,acoustic_margin,-0.4935897467481155,-1.2088570888308603,0.06412293546732986,312
ordinary_lora_layer22,20260904,True,STYLE,acoustic_correct,0.5673076923076923,0.5114942528735632,0.6190476190476191,312
ordinary_lora_layer22,20260904,True,STYLE,semantic_follow,0.30128205128205127,0.2552083333333333,0.3625,312
ordinary_lora_layer22,20260904,True,STYLE,other,0.13141025641025642,0.0913978494623656,0.16666666666666666,312
ordinary_lora_layer22,20260904,True,STYLE,acoustic_margin,2.0358573704962533,1.4539616994458118,2.5369349143336346,312
ordinary_lora_layer22,20260905,False,COSY,acoustic_correct,0.7884615384615384,0.7065217391304348,0.8571428571428571,104
ordinary_lora_layer22,20260905,False,COSY,semantic_follow,0.7884615384615384,0.7065217391304348,0.8571428571428571,104
ordinary_lora_layer22,20260905,False,COSY,other,0.21153846153846154,0.14285714285714285,0.29347826086956524,104
ordinary_lora_layer22,20260905,False,COSY,acoustic_margin,0.0,0.0,0.0,104
ordinary_lora_layer22,20260905,False,F5TTS,acoustic_correct,0.9423076923076923,0.8979591836734694,0.9821582512315268,104
ordinary_lora_layer22,20260905,False,F5TTS,semantic_follow,0.9423076923076923,0.8979591836734694,0.9821582512315268,104
ordinary_lora_layer22,20260905,False,F5TTS,other,0.057692307692307696,0.01784174876847292,0.10204081632653061,104
ordinary_lora_layer22,20260905,False,F5TTS,acoustic_margin,0.0,0.0,0.0,104
ordinary_lora_layer22,20260905,False,STYLE,acoustic_correct,0.8557692307692307,0.7794117647058824,0.921888469827586,104
ordinary_lora_layer22,20260905,False,STYLE,semantic_follow,0.8557692307692307,0.7794117647058824,0.921888469827586,104
ordinary_lora_layer22,20260905,False,STYLE,other,0.14423076923076922,0.0781115301724138,0.22058823529411764,104
ordinary_lora_layer22,20260905,False,STYLE,acoustic_margin,0.0,0.0,0.0,104
ordinary_lora_layer22,20260905,True,COSY,acoustic_correct,0.46153846153846156,0.4057971014492754,0.5170068027210885,312
ordinary_lora_layer22,20260905,True,COSY,semantic_follow,0.3173076923076923,0.2677595628415301,0.3787878787878788,312
ordinary_lora_layer22,20260905,True,COSY,other,0.22115384615384615,0.16119511965328812,0.2751937984496124,312
ordinary_lora_layer22,20260905,True,COSY,acoustic_margin,1.0476762926175116,0.501294582869261,1.5004920387949046,312
ordinary_lora_layer22,20260905,True,F5TTS,acoustic_correct,0.3942307692307692,0.32051282051282054,0.46174863387978143,312
ordinary_lora_layer22,20260905,True,F5TTS,semantic_follow,0.4967948717948718,0.42447324810606063,0.5813953488372093,312
ordinary_lora_layer22,20260905,True,F5TTS,other,0.10897435897435898,0.07751937984496124,0.14081012378426164,312
ordinary_lora_layer22,20260905,True,F5TTS,acoustic_margin,-0.46013621440378744,-1.1129807663396547,0.07212121243539671,312
ordinary_lora_layer22,20260905,True,STYLE,acoustic_correct,0.6025641025641025,0.5544871794871795,0.6541666666666667,312
ordinary_lora_layer22,20260905,True,STYLE,semantic_follow,0.28846153846153844,0.24149659863945577,0.34057971014492755,312
ordinary_lora_layer22,20260905,True,STYLE,other,0.10897435897435898,0.08064516129032258,0.13387978142076504,312
ordinary_lora_layer22,20260905,True,STYLE,acoustic_margin,2.1730769297769608,1.5928238145490365,2.721921170610819,312
branch_full,0,False,ALL,acoustic_correct,0.782051282051282,0.7380842151675485,0.8263888888888888,312
branch_full,0,False,ALL,semantic_follow,0.782051282051282,0.7380842151675485,0.8263888888888888,312
branch_full,0,False,ALL,other,0.21794871794871795,0.1736111111111111,0.26191578483245137,312
branch_full,0,False,ALL,acoustic_margin,0.0,0.0,0.0,312
branch_full,0,True,ALL,acoustic_correct,0.4358974358974359,0.39952718676122934,0.4703081098339719,936
branch_full,0,True,ALL,semantic_follow,0.3717948717948718,0.33235867446393763,0.41782407407407407,936
branch_full,0,True,ALL,other,0.19230769230769232,0.16326353458049886,0.2199546485260771,936
branch_full,0,True,ALL,acoustic_margin,0.1839610005218464,-0.0788867265877262,0.4174503272438617,936
branch_no_continuous,0,False,ALL,acoustic_correct,0.4967948717948718,0.4528301886792453,0.5451388888888888,312
branch_no_continuous,0,False,ALL,semantic_follow,0.4967948717948718,0.4528301886792453,0.5451388888888888,312
branch_no_continuous,0,False,ALL,other,0.5032051282051282,0.4548611111111111,0.5471698113207547,312
branch_no_continuous,0,False,ALL,acoustic_margin,0.0,0.0,0.0,312
branch_no_continuous,0,True,ALL,acoustic_correct,0.2553418803418803,0.2297008547008547,0.2789351851851852,936
branch_no_continuous,0,True,ALL,semantic_follow,0.37606837606837606,0.3389806967984934,0.41898148148148145,936
branch_no_continuous,0,True,ALL,other,0.3685897435897436,0.33212493290391837,0.40079559601618425,936
branch_no_continuous,0,True,ALL,acoustic_margin,-0.2257612135866259,-0.35497788254389795,-0.10572730029665219,936
branch_no_discrete,0,False,ALL,acoustic_correct,0.7884615384615384,0.7467948717948718,0.8298611111111112,312
branch_no_discrete,0,False,ALL,semantic_follow,0.7884615384615384,0.7467948717948718,0.8298611111111112,312
branch_no_discrete,0,False,ALL,other,0.21153846153846154,0.1701388888888889,0.2532051282051282,312
branch_no_discrete,0,False,ALL,acoustic_margin,0.0,0.0,0.0,312
branch_no_discrete,0,True,ALL,acoustic_correct,0.4017094017094017,0.35959453020773774,0.44047619047619047,936
branch_no_discrete,0,True,ALL,semantic_follow,0.42094017094017094,0.37777777777777777,0.4727277491900133,936
branch_no_discrete,0,True,ALL,other,0.17735042735042736,0.14965986394557823,0.2030972506830601,936
branch_no_discrete,0,True,ALL,acoustic_margin,-0.02457265450214195,-0.3036203598166979,0.22947885342467417,936
branch_rolled_continuous,0,False,ALL,acoustic_correct,0.7532051282051282,0.7083333333333334,0.7987421383647799,312
branch_rolled_continuous,0,False,ALL,semantic_follow,0.7532051282051282,0.7083333333333334,0.7987421383647799,312
branch_rolled_continuous,0,False,ALL,other,0.2467948717948718,0.20125786163522014,0.2916666666666667,312
branch_rolled_continuous,0,False,ALL,acoustic_margin,0.0,0.0,0.0,312
branch_rolled_continuous,0,True,ALL,acoustic_correct,0.3247863247863248,0.28975840336134456,0.35883561020036425,936
branch_rolled_continuous,0,True,ALL,semantic_follow,0.4797008547008547,0.43636363636363634,0.5277777777777778,936
branch_rolled_continuous,0,True,ALL,other,0.1955128205128205,0.16784869976359337,0.2211543501048218,936
branch_rolled_continuous,0,True,ALL,acoustic_margin,-0.7839209375630379,-1.043973653133865,-0.5365594516986348,936
decision_adapter_layer25,20260903,False,ALL,acoustic_correct,0.8012820512820513,0.7592592592592593,0.8442028985507246,312
decision_adapter_layer25,20260903,False,ALL,semantic_follow,0.8012820512820513,0.7592592592592593,0.8442028985507246,312
decision_adapter_layer25,20260903,False,ALL,other,0.1987179487179487,0.15579710144927536,0.24074074074074073,312
decision_adapter_layer25,20260903,False,ALL,acoustic_margin,0.0,0.0,0.0,312
decision_adapter_layer25,20260903,True,ALL,acoustic_correct,0.49252136752136755,0.45726495726495725,0.5243684210526316,936
decision_adapter_layer25,20260903,True,ALL,semantic_follow,0.3333333333333333,0.29563492063492064,0.37868738404452684,936
decision_adapter_layer25,20260903,True,ALL,other,0.17414529914529914,0.14814814814814814,0.1987179487179487,936
decision_adapter_layer25,20260903,True,ALL,acoustic_margin,0.7066639926526834,0.3544339583202351,1.02175991328234,936
decision_adapter_layer25,20260904,False,ALL,acoustic_correct,0.8269230769230769,0.7878787878787878,0.8645833333333334,312
decision_adapter_layer25,20260904,False,ALL,semantic_follow,0.8269230769230769,0.7878787878787878,0.8645833333333334,312
decision_adapter_layer25,20260904,False,ALL,other,0.17307692307692307,0.13541666666666666,0.21212121212121213,312
decision_adapter_layer25,20260904,False,ALL,acoustic_margin,0.0,0.0,0.0,312
decision_adapter_layer25,20260904,True,ALL,acoustic_correct,0.5042735042735043,0.4632853835978836,0.5426587301587301,936
decision_adapter_layer25,20260904,True,ALL,semantic_follow,0.3333333333333333,0.2947269303201507,0.38005216640085054,936
decision_adapter_layer25,20260904,True,ALL,other,0.1623931623931624,0.13657407407407407,0.18724279835390947,936
decision_adapter_layer25,20260904,True,ALL,acoustic_margin,0.8691239363009421,0.5188615314104363,1.1944488573515262,936
decision_adapter_layer25,20260905,False,ALL,acoustic_correct,0.8141025641025641,0.7727272727272727,0.8555555555555555,312
decision_adapter_layer25,20260905,False,ALL,semantic_follow,0.8141025641025641,0.7727272727272727,0.8555555555555555,312
decision_adapter_layer25,20260905,False,ALL,other,0.1858974358974359,0.14444444444444443,0.22727272727272727,312
decision_adapter_layer25,20260905,False,ALL,acoustic_margin,0.0,0.0,0.0,312
decision_adapter_layer25,20260905,True,ALL,acoustic_correct,0.4775641025641026,0.44196873102610806,0.5092592592592593,936
decision_adapter_layer25,20260905,True,ALL,semantic_follow,0.35683760683760685,0.3187120710581485,0.4025157232704403,936
decision_adapter_layer25,20260905,True,ALL,other,0.1655982905982906,0.1388888888888889,0.19123931623931623,936
decision_adapter_layer25,20260905,True,ALL,acoustic_margin,0.6402243608439692,0.31477527193496013,0.9372329093964619,936
full_sequence_adapter_layer22,20260903,False,ALL,acoustic_correct,0.8141025641025641,0.7756410256410257,0.8531073446327684,312
full_sequence_adapter_layer22,20260903,False,ALL,semantic_follow,0.8141025641025641,0.7756410256410257,0.8531073446327684,312
full_sequence_adapter_layer22,20260903,False,ALL,other,0.1858974358974359,0.14689265536723164,0.22435897435897437,312
full_sequence_adapter_layer22,20260903,False,ALL,acoustic_margin,0.0,0.0,0.0,312
full_sequence_adapter_layer22,20260903,True,ALL,acoustic_correct,0.4668803418803419,0.42995169082125606,0.5011349930042939,936
full_sequence_adapter_layer22,20260903,True,ALL,semantic_follow,0.3717948717948718,0.3311965811965812,0.41939275710284113,936
full_sequence_adapter_layer22,20260903,True,ALL,other,0.16132478632478633,0.13333333333333333,0.18736383442265794,936
full_sequence_adapter_layer22,20260903,True,ALL,acoustic_margin,0.4698851483806363,0.14290624555600678,0.7613613905375332,936
full_sequence_adapter_layer22,20260904,False,ALL,acoustic_correct,0.8076923076923077,0.7692307692307693,0.8472296099290779,312
full_sequence_adapter_layer22,20260904,False,ALL,semantic_follow,0.8076923076923077,0.7692307692307693,0.8472296099290779,312
full_sequence_adapter_layer22,20260904,False,ALL,other,0.19230769230769232,0.152770390070922,0.23076923076923078,312
full_sequence_adapter_layer22,20260904,False,ALL,acoustic_margin,0.0,0.0,0.0,312
full_sequence_adapter_layer22,20260904,True,ALL,acoustic_correct,0.48183760683760685,0.4444444444444444,0.5155945419103314,936
full_sequence_adapter_layer22,20260904,True,ALL,semantic_follow,0.36324786324786323,0.32485694625525136,0.4088912529550827,936
full_sequence_adapter_layer22,20260904,True,ALL,other,0.15491452991452992,0.13004983344079088,0.17819706498951782,936
full_sequence_adapter_layer22,20260904,True,ALL,acoustic_margin,0.5522836552550777,0.17402743819070265,0.8940534610173138,936
full_sequence_adapter_layer22,20260905,False,ALL,acoustic_correct,0.7788461538461539,0.7368421052631579,0.8224043715846995,312
full_sequence_adapter_layer22,20260905,False,ALL,semantic_follow,0.7788461538461539,0.7368421052631579,0.8224043715846995,312
full_sequence_adapter_layer22,20260905,False,ALL,other,0.22115384615384615,0.17759562841530055,0.2631578947368421,312
full_sequence_adapter_layer22,20260905,False,ALL,acoustic_margin,0.0,0.0,0.0,312
full_sequence_adapter_layer22,20260905,True,ALL,acoustic_correct,0.46153846153846156,0.42671276595744684,0.4943315461777932,936
full_sequence_adapter_layer22,20260905,True,ALL,semantic_follow,0.34935897435897434,0.30896686159844056,0.39651416122004357,936
full_sequence_adapter_layer22,20260905,True,ALL,other,0.1891025641025641,0.15942028985507245,0.21677735610373178,936
full_sequence_adapter_layer22,20260905,True,ALL,acoustic_margin,0.597889963147538,0.250917167417156,0.9040986038147775,936
ordinary_lora_layer22,20260903,False,ALL,acoustic_correct,0.8461538461538461,0.806060606060606,0.8840579710144928,312
ordinary_lora_layer22,20260903,False,ALL,semantic_follow,0.8461538461538461,0.806060606060606,0.8840579710144928,312
ordinary_lora_layer22,20260903,False,ALL,other,0.15384615384615385,0.11594202898550725,0.19393939393939394,312
ordinary_lora_layer22,20260903,False,ALL,acoustic_margin,0.0,0.0,0.0,312
ordinary_lora_layer22,20260903,True,ALL,acoustic_correct,0.4700854700854701,0.4298245614035088,0.5079365079365079,936
ordinary_lora_layer22,20260903,True,ALL,semantic_follow,0.375,0.33101728723404256,0.42517006802721086,936
ordinary_lora_layer22,20260903,True,ALL,other,0.15491452991452992,0.1288888888888889,0.1808080808080808,936
ordinary_lora_layer22,20260903,True,ALL,acoustic_margin,0.7863915511792056,0.3382843206770658,1.2067187759837363,936
ordinary_lora_layer22,20260904,False,ALL,acoustic_correct,0.8461538461538461,0.8076923076923077,0.8829787234042553,312
ordinary_lora_layer22,20260904,False,ALL,semantic_follow,0.8461538461538461,0.8076923076923077,0.8829787234042553,312
ordinary_lora_layer22,20260904,False,ALL,other,0.15384615384615385,0.11702127659574468,0.19230769230769232,312
ordinary_lora_layer22,20260904,False,ALL,acoustic_margin,0.0,0.0,0.0,312
ordinary_lora_layer22,20260904,True,ALL,acoustic_correct,0.4775641025641026,0.4358950617283951,0.5161290322580645,936
ordinary_lora_layer22,20260904,True,ALL,semantic_follow,0.375,0.3333333333333333,0.4231694605630776,936
ordinary_lora_layer22,20260904,True,ALL,other,0.14743589743589744,0.12301587301587301,0.170783834148614,936
ordinary_lora_layer22,20260904,True,ALL,acoustic_margin,0.9698851466386352,0.5168036567394366,1.3893394217828923,936
ordinary_lora_layer22,20260905,False,ALL,acoustic_correct,0.8621794871794872,0.8208313679245283,0.9,312
ordinary_lora_layer22,20260905,False,ALL,semantic_follow,0.8621794871794872,0.8208313679245283,0.9,312
ordinary_lora_layer22,20260905,False,ALL,other,0.13782051282051283,0.1,0.17916863207547168,312
ordinary_lora_layer22,20260905,False,ALL,acoustic_margin,0.0,0.0,0.0,312
ordinary_lora_layer22,20260905,True,ALL,acoustic_correct,0.4861111111111111,0.4444444444444444,0.5259278959810875,936
ordinary_lora_layer22,20260905,True,ALL,semantic_follow,0.36752136752136755,0.3263861331569665,0.4140461215932914,936
ordinary_lora_layer22,20260905,True,ALL,other,0.14636752136752137,0.11938534278959811,0.17424366211130918,936
ordinary_lora_layer22,20260905,True,ALL,acoustic_margin,0.9202056693302283,0.4866227517614788,1.335942940551459,936
