condition,layer,metric,mean,ci_low,ci_high,n
acoustic,12.0,acoustic_margin,1.1373697951397237,0.8763020944432355,1.4108235636250657,192
acoustic,12.0,rescue,0.011718750523868948,-0.0003255202689615544,0.024088555861574906,192
acoustic,12.0,acoustic_follow,0.40625,0.3541666666666667,0.4583333333333333,192
acoustic,12.0,discrete_follow,0.19791666666666666,0.16666666666666666,0.22916666666666666,192
acoustic,12.0,other,0.3958333333333333,0.3333333333333333,0.4583333333333333,192
acoustic,18.0,acoustic_margin,1.1490885150657657,0.8821532970284656,1.4306803009038653,192
acoustic,18.0,rescue,0.02343747044991081,0.004231745429084791,0.04395342826901457,192
acoustic,18.0,acoustic_follow,0.421875,0.3645833333333333,0.4791666666666667,192
acoustic,18.0,discrete_follow,0.19791666666666666,0.16666666666666666,0.22916666666666666,192
acoustic,18.0,other,0.3802083333333333,0.3177083333333333,0.4427083333333333,192
acoustic,22.0,acoustic_margin,1.1809895971576527,0.925756849982281,1.4456380324702574,192
acoustic,22.0,rescue,0.05533855254179798,-0.01399735089483632,0.12338056014850725,192
acoustic,22.0,acoustic_follow,0.4270833333333333,0.375,0.484375,192
acoustic,22.0,discrete_follow,0.18229166666666666,0.14583333333333334,0.21875,192
acoustic,22.0,other,0.390625,0.328125,0.453125,192
acoustic,24.0,acoustic_margin,1.17317709090518,0.9215413407611777,1.4290364774061648,192
acoustic,24.0,rescue,0.04752604628932507,-0.03027342265753153,0.12369790857956105,192
acoustic,24.0,acoustic_follow,0.4479166666666667,0.4010416666666667,0.4947916666666667,192
acoustic,24.0,discrete_follow,0.18229166666666666,0.14583333333333334,0.21875,192
acoustic,24.0,other,0.3697916666666667,0.3125,0.4270833333333333,192
acoustic,25.0,acoustic_margin,1.1692708398477407,0.9130777992593115,1.4254557345394763,192
acoustic,25.0,rescue,0.043619795231885895,-0.03906248425106848,0.12305503530321088,192
acoustic,25.0,acoustic_follow,0.4427083333333333,0.4010416666666667,0.484375,192
acoustic,25.0,discrete_follow,0.18229166666666666,0.14583333333333334,0.21875,192
acoustic,25.0,other,0.375,0.3177083333333333,0.4375,192
acoustic,26.0,acoustic_margin,1.1813151101863089,0.925773120345184,1.4329508609619852,192
acoustic,26.0,rescue,0.05566406557045411,-0.02539877171814926,0.13444010493233993,192
acoustic,26.0,acoustic_follow,0.453125,0.40625,0.4947916666666667,192
acoustic,26.0,discrete_follow,0.17708333333333334,0.140625,0.21354166666666666,192
acoustic,26.0,other,0.3697916666666667,0.3125,0.4270833333333333,192
acoustic,27.0,acoustic_margin,1.204752606373707,0.9547281928225857,1.461596697384084,192
acoustic,27.0,rescue,0.07910156175785232,-0.03256021747850657,0.19759928173916694,192
acoustic,27.0,acoustic_follow,0.453125,0.4114583333333333,0.4947916666666667,192
acoustic,27.0,discrete_follow,0.1875,0.15625,0.21875,192
acoustic,27.0,other,0.359375,0.3072916666666667,0.4114583333333333,192
discrete,12.0,acoustic_margin,1.187825513217831,0.9208902797865448,1.4589843499374788,192
discrete,12.0,rescue,0.06217446860197621,0.03515625994671912,0.08919268365352764,192
discrete,12.0,acoustic_follow,0.4114583333333333,0.3645833333333333,0.4583333333333333,192
discrete,12.0,discrete_follow,0.19791666666666666,0.16666666666666666,0.22916666666666666,192
discrete,12.0,other,0.390625,0.3333333333333333,0.4479166666666667,192
discrete,18.0,acoustic_margin,1.1038411531189922,0.8388672003716541,1.3834635394926107,192
discrete,18.0,rescue,-0.021809891496862594,-0.06966962891092407,0.02506511558992012,192
discrete,18.0,acoustic_follow,0.4375,0.390625,0.48450520833333144,192
discrete,18.0,discrete_follow,0.203125,0.16666666666666666,0.234375,192
discrete,18.0,other,0.359375,0.3020833333333333,0.4166666666666667,192
discrete,22.0,acoustic_margin,-0.8831380243840007,-1.0589192700916708,-0.6953125044553115,192
discrete,22.0,rescue,-2.0087890689998553,-2.410156260587731,-1.5950520895892017,192
discrete,22.0,acoustic_follow,0.1875,0.13020833333333334,0.24479166666666666,192
discrete,22.0,discrete_follow,0.515625,0.4635416666666667,0.5677083333333334,192
discrete,22.0,other,0.296875,0.234375,0.3645833333333333,192
discrete,24.0,acoustic_margin,-0.347330732717334,-0.5465494805544343,-0.12466633563259782,192
discrete,24.0,rescue,-1.4729817773331888,-1.9143961921926045,-1.0250569448122406,192
discrete,24.0,acoustic_follow,0.2708333333333333,0.22395833333333334,0.3177083333333333,192
discrete,24.0,discrete_follow,0.4010416666666667,0.3489583333333333,0.453125,192
discrete,24.0,other,0.328125,0.2604166666666667,0.4010416666666667,192
discrete,25.0,acoustic_margin,-0.14355467977778366,-0.3496175075464028,0.07942709667355909,192
discrete,25.0,rescue,-1.2692057243936385,-1.7154947643886165,-0.8320149678923677,192
discrete,25.0,acoustic_follow,0.296875,0.25,0.34375,192
discrete,25.0,discrete_follow,0.3697916666666667,0.3125,0.4270833333333333,192
discrete,25.0,other,0.3333333333333333,0.2604166666666667,0.40625,192
discrete,26.0,acoustic_margin,-0.1832682349292251,-0.3945393966457535,0.04297687898457892,192
discrete,26.0,rescue,-1.30891927954508,-1.7548991051504952,-0.862947594382422,192
discrete,26.0,acoustic_follow,0.28125,0.23958333333333334,0.3229166666666667,192
discrete,26.0,discrete_follow,0.3697916666666667,0.3177083333333333,0.4270833333333333,192
discrete,26.0,other,0.3489583333333333,0.28125,0.4166666666666667,192
discrete,27.0,acoustic_margin,-1.1035156399496675,-1.3619873499017556,-0.8528645958159662,192
discrete,27.0,rescue,-2.2291666845655222,-2.7584879662247355,-1.7281901293101933,192
discrete,27.0,acoustic_follow,0.1875,0.15625,0.21875,192
discrete,27.0,discrete_follow,0.453125,0.4114583333333333,0.4947916666666667,192
discrete,27.0,other,0.359375,0.3072916666666667,0.4114583333333333,192
no_patch,,acoustic_margin,1.1256510446158547,0.8479736368880063,1.406250013706449,192
no_patch,,rescue,0.0,0.0,0.0,192
no_patch,,acoustic_follow,0.4114583333333333,0.3541666666666667,0.46875,192
no_patch,,discrete_follow,0.19270833333333334,0.16145833333333334,0.22395833333333334,192
no_patch,,other,0.3958333333333333,0.3333333333333333,0.4635416666666667,192
