layer,metric,mean,ci_low,ci_high
0,ME_C,0.0,0.0,0.0
0,ME_D,0.0,0.0,0.0
0,interaction,0.0,0.0,0.0
1,ME_C,0.07629044850667317,0.050884765386581425,0.09908776680628457
1,ME_D,-0.018922170003255207,-0.03605576554934184,-0.002027579148610436
1,interaction,0.04539012908935547,0.035402385393778484,0.055600833892822256
2,ME_C,0.06399019559224446,0.041232319672902425,0.08765320777893067
2,ME_D,0.0023162364959716793,-0.013967039187749226,0.01736775239308675
2,interaction,0.02424510320027669,0.012996105353037517,0.03608029683430989
3,ME_C,0.06462091704209645,0.03688045181334019,0.09208738791445889
3,ME_D,0.003138278921445213,-0.014068627854188278,0.019989190623164173
3,interaction,0.03990684946378071,0.02746561368306477,0.052561552822589855
4,ME_C,0.1365966796875,0.06880696614583333,0.2034912109375
4,ME_D,-0.043497721354166664,-0.061808268229166664,-0.02490234375
4,interaction,0.054768880208333336,0.038653564453125004,0.07014973958333333
5,ME_C,0.016520192225774128,-0.05859372119108836,0.09168397014339752
5,ME_D,-0.045817057291666664,-0.06453552730381489,-0.02775064595043659
5,interaction,0.01611328125,0.0005696810781955718,0.03133138095339139
6,ME_C,0.12711588541666666,0.046549479166666664,0.2094746907552083
6,ME_D,-0.0185546875,-0.037679036458333336,0.0004089355468749704
6,interaction,0.0022786458333333335,-0.011555989583333334,0.015787760416666668
7,ME_C,0.13887535532315573,0.07425844793518384,0.20149946523209408
7,ME_D,0.03210450212160746,0.003946950038274129,0.05969240280489127
7,interaction,0.0015461444854736304,-0.016520192474126814,0.02083324392636617
8,ME_C,0.024447113275527954,-0.0882151989887158,0.1391439631581306
8,ME_D,0.004918416341145833,-0.02027698208888372,0.028810352335373553
8,interaction,0.04231764872868856,0.010604277004798254,0.07197437211871147
9,ME_C,0.023589720328648884,-0.10293797366321086,0.17569686882197855
9,ME_D,0.011298765738805136,-0.027098113422592482,0.05194146074354647
9,interaction,0.019072771072387695,-0.015686796108881632,0.05511202464501063
10,ME_C,0.17816953361034393,0.010477416838208837,0.3608425509184598
10,ME_D,0.07758743067582448,0.03225684650242328,0.12415977269411087
10,interaction,-0.014733105897903442,-0.05822409018874168,0.028872179985046386
11,ME_C,0.17503789067268372,0.018832217281063404,0.32825616660217444
11,ME_D,0.06722981731096904,0.021393612523873652,0.11123486993213494
11,interaction,0.0006418625513712565,-0.058766744037469225,0.05743280152479805
12,ME_C,0.046973208586374916,-0.13005704805254936,0.22638524820407221
12,ME_D,0.088146577278773,0.037720062956213954,0.13902575572331746
12,interaction,-0.09494831164677937,-0.15679989308118822,-0.029472714165846507
13,ME_C,0.06627798577149709,-0.14259211644530295,0.26772561656932026
13,ME_D,0.08762980004151662,0.03354477422932784,0.13980214794476828
13,interaction,0.027959436178207397,-0.027467365314563112,0.08448321372270584
14,ME_C,-0.10095135122537613,-0.2823586388801535,0.062043353232244594
14,ME_D,0.052372453113396965,0.004631770898898442,0.09936305290708938
14,interaction,0.06704363723595937,0.01033911593258381,0.12568482595185437
15,ME_C,-0.07730356852213542,-0.24306742350260416,0.09904624621073399
15,ME_D,0.0211334228515625,-0.016660062472025554,0.057784398396809857
15,interaction,0.061024983723958336,0.005647389094034832,0.11738664309183755
16,ME_C,-0.2610015844305356,-0.4000200955818097,-0.121246086123089
16,ME_D,0.06135558833678564,0.025745895691215992,0.09900156160195665
16,interaction,-0.020497635006904602,-0.06545028674105803,0.027232106899221734
17,ME_C,-0.3807525585095088,-0.49889220936844747,-0.2607610016440352
17,ME_D,0.0387929230928421,0.008966560537616413,0.07169684612502654
17,interaction,-0.08670044938723247,-0.1316632643342018,-0.0383606151988109
18,ME_C,-0.03157552580038706,-0.15222169229139884,0.08817646807680525
18,ME_D,0.030273422598838806,-0.00032655460139116127,0.06164651984969773
18,interaction,-0.05371097723642985,-0.11507164537906646,0.008789033194382985
19,ME_C,0.12113441278537114,-0.016316739842295647,0.26286108493804927
19,ME_D,0.05358886470397314,0.005207286899288496,0.09944763438155252
19,interaction,0.02189129094282786,-0.05387565990289052,0.09733075909316541
20,ME_C,0.3610433042049408,0.23868815060704945,0.4792541582758227
20,ME_D,0.017130543788274128,-0.03166095502674579,0.06685485132038592
20,interaction,-0.05102543036142985,-0.16325283522407213,0.04516597613692284
21,ME_C,0.5517985063294569,0.3483062771148979,0.7561452156243225
21,ME_D,0.017049162338177364,-0.03674518872673313,0.07483115590487914
21,interaction,0.017822307844956715,-0.09611201776812474,0.12451584413647646
22,ME_C,0.8707682229578495,0.5948079495069881,1.1509663799156744
22,ME_D,0.011555990825096766,-0.04492185786366463,0.07120972300569213
22,interaction,-0.05924483388662338,-0.1917359123627345,0.0693400093664725
23,ME_C,0.534342440466086,0.1059468451111267,0.9680216151755303
23,ME_D,-0.0026041579743226405,-0.08056638482958078,0.07674359607820708
23,interaction,-0.07454419881105423,-0.2293334407111009,0.07666023730610808
24,ME_C,0.8376464910494784,0.33103842900988334,1.3225209775633022
24,ME_D,-0.015869162045419216,-0.09639895355600553,0.05843401331027655
24,interaction,0.07047522130111854,-0.1224792558234185,0.26384477244767657
25,ME_C,3.49072265982007,2.600958253642117,4.345583100559693
25,ME_D,0.010579445709784826,-0.13127846587934375,0.15145060358530218
25,interaction,0.2851562388241291,-0.01921391220336469,0.5880533350961439
26,ME_C,3.2221679693320766,2.3992228350883424,4.005061850247633
26,ME_D,0.053873688952686884,-0.06852622461350014,0.1761108663127136
26,interaction,0.3238932539243251,0.08561210921616294,0.554036499055413
27,ME_C,3.576660183315956,2.7785685205655684,4.369397014530248
27,ME_D,0.12972008055718712,-0.010095210263746898,0.27506920010005154
27,interaction,0.3792318188146358,0.07615571487955701,0.6936849294769065
28,ME_C,2.346028648050075,1.8355794385002808,2.889648409939279
28,ME_D,0.09602864339346222,-0.0231119808320121,0.21386718208304956
28,interaction,0.2871093467207781,0.07161457422480452,0.5071614109940128
