pair_id,actor,statement,label_a,label_b,file_a,path_a,file_b,path_b
a01_s1_neutral_happy,1,1,neutral,happy,03-01-01-01-01-01-01.wav,/root/autodl-tmp/kfair/data/ravdess_eval_audio/03-01-01-01-01-01-01.wav,03-01-03-01-01-01-01.wav,/root/autodl-tmp/kfair/data/ravdess_eval_audio/03-01-03-01-01-01-01.wav
a01_s1_neutral_sad,1,1,neutral,sad,03-01-01-01-01-01-01.wav,/root/autodl-tmp/kfair/data/ravdess_eval_audio/03-01-01-01-01-01-01.wav,03-01-04-01-01-01-01.wav,/root/autodl-tmp/kfair/data/ravdess_eval_audio/03-01-04-01-01-01-01.wav
a01_s1_neutral_angry,1,1,neutral,angry,03-01-01-01-01-01-01.wav,/root/autodl-tmp/kfair/data/ravdess_eval_audio/03-01-01-01-01-01-01.wav,03-01-05-01-01-01-01.wav,/root/autodl-tmp/kfair/data/ravdess_eval_audio/03-01-05-01-01-01-01.wav
a01_s1_happy_sad,1,1,happy,sad,03-01-03-01-01-01-01.wav,/root/autodl-tmp/kfair/data/ravdess_eval_audio/03-01-03-01-01-01-01.wav,03-01-04-01-01-01-01.wav,/root/autodl-tmp/kfair/data/ravdess_eval_audio/03-01-04-01-01-01-01.wav
a01_s1_happy_angry,1,1,happy,angry,03-01-03-01-01-01-01.wav,/root/autodl-tmp/kfair/data/ravdess_eval_audio/03-01-03-01-01-01-01.wav,03-01-05-01-01-01-01.wav,/root/autodl-tmp/kfair/data/ravdess_eval_audio/03-01-05-01-01-01-01.wav
a01_s1_sad_angry,1,1,sad,angry,03-01-04-01-01-01-01.wav,/root/autodl-tmp/kfair/data/ravdess_eval_audio/03-01-04-01-01-01-01.wav,03-01-05-01-01-01-01.wav,/root/autodl-tmp/kfair/data/ravdess_eval_audio/03-01-05-01-01-01-01.wav
a01_s2_neutral_happy,1,2,neutral,happy,03-01-01-01-02-01-01.wav,/root/autodl-tmp/kfair/data/ravdess_eval_audio/03-01-01-01-02-01-01.wav,03-01-03-01-02-01-01.wav,/root/autodl-tmp/kfair/data/ravdess_eval_audio/03-01-03-01-02-01-01.wav
a01_s2_neutral_sad,1,2,neutral,sad,03-01-01-01-02-01-01.wav,/root/autodl-tmp/kfair/data/ravdess_eval_audio/03-01-01-01-02-01-01.wav,03-01-04-01-02-01-01.wav,/root/autodl-tmp/kfair/data/ravdess_eval_audio/03-01-04-01-02-01-01.wav
a01_s2_neutral_angry,1,2,neutral,angry,03-01-01-01-02-01-01.wav,/root/autodl-tmp/kfair/data/ravdess_eval_audio/03-01-01-01-02-01-01.wav,03-01-05-01-02-01-01.wav,/root/autodl-tmp/kfair/data/ravdess_eval_audio/03-01-05-01-02-01-01.wav
a01_s2_happy_sad,1,2,happy,sad,03-01-03-01-02-01-01.wav,/root/autodl-tmp/kfair/data/ravdess_eval_audio/03-01-03-01-02-01-01.wav,03-01-04-01-02-01-01.wav,/root/autodl-tmp/kfair/data/ravdess_eval_audio/03-01-04-01-02-01-01.wav
a01_s2_happy_angry,1,2,happy,angry,03-01-03-01-02-01-01.wav,/root/autodl-tmp/kfair/data/ravdess_eval_audio/03-01-03-01-02-01-01.wav,03-01-05-01-02-01-01.wav,/root/autodl-tmp/kfair/data/ravdess_eval_audio/03-01-05-01-02-01-01.wav
a01_s2_sad_angry,1,2,sad,angry,03-01-04-01-02-01-01.wav,/root/autodl-tmp/kfair/data/ravdess_eval_audio/03-01-04-01-02-01-01.wav,03-01-05-01-02-01-01.wav,/root/autodl-tmp/kfair/data/ravdess_eval_audio/03-01-05-01-02-01-01.wav
a02_s1_neutral_happy,2,1,neutral,happy,03-01-01-01-01-01-02.wav,/root/autodl-tmp/kfair/data/ravdess_eval_audio/03-01-01-01-01-01-02.wav,03-01-03-01-01-01-02.wav,/root/autodl-tmp/kfair/data/ravdess_eval_audio/03-01-03-01-01-01-02.wav
a02_s1_neutral_sad,2,1,neutral,sad,03-01-01-01-01-01-02.wav,/root/autodl-tmp/kfair/data/ravdess_eval_audio/03-01-01-01-01-01-02.wav,03-01-04-01-01-01-02.wav,/root/autodl-tmp/kfair/data/ravdess_eval_audio/03-01-04-01-01-01-02.wav
a02_s1_neutral_angry,2,1,neutral,angry,03-01-01-01-01-01-02.wav,/root/autodl-tmp/kfair/data/ravdess_eval_audio/03-01-01-01-01-01-02.wav,03-01-05-01-01-01-02.wav,/root/autodl-tmp/kfair/data/ravdess_eval_audio/03-01-05-01-01-01-02.wav
a02_s1_happy_sad,2,1,happy,sad,03-01-03-01-01-01-02.wav,/root/autodl-tmp/kfair/data/ravdess_eval_audio/03-01-03-01-01-01-02.wav,03-01-04-01-01-01-02.wav,/root/autodl-tmp/kfair/data/ravdess_eval_audio/03-01-04-01-01-01-02.wav
a02_s1_happy_angry,2,1,happy,angry,03-01-03-01-01-01-02.wav,/root/autodl-tmp/kfair/data/ravdess_eval_audio/03-01-03-01-01-01-02.wav,03-01-05-01-01-01-02.wav,/root/autodl-tmp/kfair/data/ravdess_eval_audio/03-01-05-01-01-01-02.wav
a02_s1_sad_angry,2,1,sad,angry,03-01-04-01-01-01-02.wav,/root/autodl-tmp/kfair/data/ravdess_eval_audio/03-01-04-01-01-01-02.wav,03-01-05-01-01-01-02.wav,/root/autodl-tmp/kfair/data/ravdess_eval_audio/03-01-05-01-01-01-02.wav
a02_s2_neutral_happy,2,2,neutral,happy,03-01-01-01-02-01-02.wav,/root/autodl-tmp/kfair/data/ravdess_eval_audio/03-01-01-01-02-01-02.wav,03-01-03-01-02-01-02.wav,/root/autodl-tmp/kfair/data/ravdess_eval_audio/03-01-03-01-02-01-02.wav
a02_s2_neutral_sad,2,2,neutral,sad,03-01-01-01-02-01-02.wav,/root/autodl-tmp/kfair/data/ravdess_eval_audio/03-01-01-01-02-01-02.wav,03-01-04-01-02-01-02.wav,/root/autodl-tmp/kfair/data/ravdess_eval_audio/03-01-04-01-02-01-02.wav
a02_s2_neutral_angry,2,2,neutral,angry,03-01-01-01-02-01-02.wav,/root/autodl-tmp/kfair/data/ravdess_eval_audio/03-01-01-01-02-01-02.wav,03-01-05-01-02-01-02.wav,/root/autodl-tmp/kfair/data/ravdess_eval_audio/03-01-05-01-02-01-02.wav
a02_s2_happy_sad,2,2,happy,sad,03-01-03-01-02-01-02.wav,/root/autodl-tmp/kfair/data/ravdess_eval_audio/03-01-03-01-02-01-02.wav,03-01-04-01-02-01-02.wav,/root/autodl-tmp/kfair/data/ravdess_eval_audio/03-01-04-01-02-01-02.wav
a02_s2_happy_angry,2,2,happy,angry,03-01-03-01-02-01-02.wav,/root/autodl-tmp/kfair/data/ravdess_eval_audio/03-01-03-01-02-01-02.wav,03-01-05-01-02-01-02.wav,/root/autodl-tmp/kfair/data/ravdess_eval_audio/03-01-05-01-02-01-02.wav
a02_s2_sad_angry,2,2,sad,angry,03-01-04-01-02-01-02.wav,/root/autodl-tmp/kfair/data/ravdess_eval_audio/03-01-04-01-02-01-02.wav,03-01-05-01-02-01-02.wav,/root/autodl-tmp/kfair/data/ravdess_eval_audio/03-01-05-01-02-01-02.wav
a03_s1_neutral_happy,3,1,neutral,happy,03-01-01-01-01-01-03.wav,/root/autodl-tmp/kfair/data/ravdess_eval_audio/03-01-01-01-01-01-03.wav,03-01-03-01-01-01-03.wav,/root/autodl-tmp/kfair/data/ravdess_eval_audio/03-01-03-01-01-01-03.wav
a03_s1_neutral_sad,3,1,neutral,sad,03-01-01-01-01-01-03.wav,/root/autodl-tmp/kfair/data/ravdess_eval_audio/03-01-01-01-01-01-03.wav,03-01-04-01-01-01-03.wav,/root/autodl-tmp/kfair/data/ravdess_eval_audio/03-01-04-01-01-01-03.wav
a03_s1_neutral_angry,3,1,neutral,angry,03-01-01-01-01-01-03.wav,/root/autodl-tmp/kfair/data/ravdess_eval_audio/03-01-01-01-01-01-03.wav,03-01-05-01-01-01-03.wav,/root/autodl-tmp/kfair/data/ravdess_eval_audio/03-01-05-01-01-01-03.wav
a03_s1_happy_sad,3,1,happy,sad,03-01-03-01-01-01-03.wav,/root/autodl-tmp/kfair/data/ravdess_eval_audio/03-01-03-01-01-01-03.wav,03-01-04-01-01-01-03.wav,/root/autodl-tmp/kfair/data/ravdess_eval_audio/03-01-04-01-01-01-03.wav
a03_s1_happy_angry,3,1,happy,angry,03-01-03-01-01-01-03.wav,/root/autodl-tmp/kfair/data/ravdess_eval_audio/03-01-03-01-01-01-03.wav,03-01-05-01-01-01-03.wav,/root/autodl-tmp/kfair/data/ravdess_eval_audio/03-01-05-01-01-01-03.wav
a03_s1_sad_angry,3,1,sad,angry,03-01-04-01-01-01-03.wav,/root/autodl-tmp/kfair/data/ravdess_eval_audio/03-01-04-01-01-01-03.wav,03-01-05-01-01-01-03.wav,/root/autodl-tmp/kfair/data/ravdess_eval_audio/03-01-05-01-01-01-03.wav
a03_s2_neutral_happy,3,2,neutral,happy,03-01-01-01-02-01-03.wav,/root/autodl-tmp/kfair/data/ravdess_eval_audio/03-01-01-01-02-01-03.wav,03-01-03-01-02-01-03.wav,/root/autodl-tmp/kfair/data/ravdess_eval_audio/03-01-03-01-02-01-03.wav
a03_s2_neutral_sad,3,2,neutral,sad,03-01-01-01-02-01-03.wav,/root/autodl-tmp/kfair/data/ravdess_eval_audio/03-01-01-01-02-01-03.wav,03-01-04-01-02-01-03.wav,/root/autodl-tmp/kfair/data/ravdess_eval_audio/03-01-04-01-02-01-03.wav
a03_s2_neutral_angry,3,2,neutral,angry,03-01-01-01-02-01-03.wav,/root/autodl-tmp/kfair/data/ravdess_eval_audio/03-01-01-01-02-01-03.wav,03-01-05-01-02-01-03.wav,/root/autodl-tmp/kfair/data/ravdess_eval_audio/03-01-05-01-02-01-03.wav
a03_s2_happy_sad,3,2,happy,sad,03-01-03-01-02-01-03.wav,/root/autodl-tmp/kfair/data/ravdess_eval_audio/03-01-03-01-02-01-03.wav,03-01-04-01-02-01-03.wav,/root/autodl-tmp/kfair/data/ravdess_eval_audio/03-01-04-01-02-01-03.wav
a03_s2_happy_angry,3,2,happy,angry,03-01-03-01-02-01-03.wav,/root/autodl-tmp/kfair/data/ravdess_eval_audio/03-01-03-01-02-01-03.wav,03-01-05-01-02-01-03.wav,/root/autodl-tmp/kfair/data/ravdess_eval_audio/03-01-05-01-02-01-03.wav
a03_s2_sad_angry,3,2,sad,angry,03-01-04-01-02-01-03.wav,/root/autodl-tmp/kfair/data/ravdess_eval_audio/03-01-04-01-02-01-03.wav,03-01-05-01-02-01-03.wav,/root/autodl-tmp/kfair/data/ravdess_eval_audio/03-01-05-01-02-01-03.wav
a04_s1_neutral_happy,4,1,neutral,happy,03-01-01-01-01-01-04.wav,/root/autodl-tmp/kfair/data/ravdess_eval_audio/03-01-01-01-01-01-04.wav,03-01-03-01-01-01-04.wav,/root/autodl-tmp/kfair/data/ravdess_eval_audio/03-01-03-01-01-01-04.wav
a04_s1_neutral_sad,4,1,neutral,sad,03-01-01-01-01-01-04.wav,/root/autodl-tmp/kfair/data/ravdess_eval_audio/03-01-01-01-01-01-04.wav,03-01-04-01-01-01-04.wav,/root/autodl-tmp/kfair/data/ravdess_eval_audio/03-01-04-01-01-01-04.wav
a04_s1_neutral_angry,4,1,neutral,angry,03-01-01-01-01-01-04.wav,/root/autodl-tmp/kfair/data/ravdess_eval_audio/03-01-01-01-01-01-04.wav,03-01-05-01-01-01-04.wav,/root/autodl-tmp/kfair/data/ravdess_eval_audio/03-01-05-01-01-01-04.wav
a04_s1_happy_sad,4,1,happy,sad,03-01-03-01-01-01-04.wav,/root/autodl-tmp/kfair/data/ravdess_eval_audio/03-01-03-01-01-01-04.wav,03-01-04-01-01-01-04.wav,/root/autodl-tmp/kfair/data/ravdess_eval_audio/03-01-04-01-01-01-04.wav
a04_s1_happy_angry,4,1,happy,angry,03-01-03-01-01-01-04.wav,/root/autodl-tmp/kfair/data/ravdess_eval_audio/03-01-03-01-01-01-04.wav,03-01-05-01-01-01-04.wav,/root/autodl-tmp/kfair/data/ravdess_eval_audio/03-01-05-01-01-01-04.wav
a04_s1_sad_angry,4,1,sad,angry,03-01-04-01-01-01-04.wav,/root/autodl-tmp/kfair/data/ravdess_eval_audio/03-01-04-01-01-01-04.wav,03-01-05-01-01-01-04.wav,/root/autodl-tmp/kfair/data/ravdess_eval_audio/03-01-05-01-01-01-04.wav
a04_s2_neutral_happy,4,2,neutral,happy,03-01-01-01-02-01-04.wav,/root/autodl-tmp/kfair/data/ravdess_eval_audio/03-01-01-01-02-01-04.wav,03-01-03-01-02-01-04.wav,/root/autodl-tmp/kfair/data/ravdess_eval_audio/03-01-03-01-02-01-04.wav
a04_s2_neutral_sad,4,2,neutral,sad,03-01-01-01-02-01-04.wav,/root/autodl-tmp/kfair/data/ravdess_eval_audio/03-01-01-01-02-01-04.wav,03-01-04-01-02-01-04.wav,/root/autodl-tmp/kfair/data/ravdess_eval_audio/03-01-04-01-02-01-04.wav
a04_s2_neutral_angry,4,2,neutral,angry,03-01-01-01-02-01-04.wav,/root/autodl-tmp/kfair/data/ravdess_eval_audio/03-01-01-01-02-01-04.wav,03-01-05-01-02-01-04.wav,/root/autodl-tmp/kfair/data/ravdess_eval_audio/03-01-05-01-02-01-04.wav
a04_s2_happy_sad,4,2,happy,sad,03-01-03-01-02-01-04.wav,/root/autodl-tmp/kfair/data/ravdess_eval_audio/03-01-03-01-02-01-04.wav,03-01-04-01-02-01-04.wav,/root/autodl-tmp/kfair/data/ravdess_eval_audio/03-01-04-01-02-01-04.wav
a04_s2_happy_angry,4,2,happy,angry,03-01-03-01-02-01-04.wav,/root/autodl-tmp/kfair/data/ravdess_eval_audio/03-01-03-01-02-01-04.wav,03-01-05-01-02-01-04.wav,/root/autodl-tmp/kfair/data/ravdess_eval_audio/03-01-05-01-02-01-04.wav
a04_s2_sad_angry,4,2,sad,angry,03-01-04-01-02-01-04.wav,/root/autodl-tmp/kfair/data/ravdess_eval_audio/03-01-04-01-02-01-04.wav,03-01-05-01-02-01-04.wav,/root/autodl-tmp/kfair/data/ravdess_eval_audio/03-01-05-01-02-01-04.wav
a05_s1_neutral_happy,5,1,neutral,happy,03-01-01-01-01-01-05.wav,/root/autodl-tmp/kfair/data/ravdess_eval_audio/03-01-01-01-01-01-05.wav,03-01-03-01-01-01-05.wav,/root/autodl-tmp/kfair/data/ravdess_eval_audio/03-01-03-01-01-01-05.wav
a05_s1_neutral_sad,5,1,neutral,sad,03-01-01-01-01-01-05.wav,/root/autodl-tmp/kfair/data/ravdess_eval_audio/03-01-01-01-01-01-05.wav,03-01-04-01-01-01-05.wav,/root/autodl-tmp/kfair/data/ravdess_eval_audio/03-01-04-01-01-01-05.wav
a05_s1_neutral_angry,5,1,neutral,angry,03-01-01-01-01-01-05.wav,/root/autodl-tmp/kfair/data/ravdess_eval_audio/03-01-01-01-01-01-05.wav,03-01-05-01-01-01-05.wav,/root/autodl-tmp/kfair/data/ravdess_eval_audio/03-01-05-01-01-01-05.wav
a05_s1_happy_sad,5,1,happy,sad,03-01-03-01-01-01-05.wav,/root/autodl-tmp/kfair/data/ravdess_eval_audio/03-01-03-01-01-01-05.wav,03-01-04-01-01-01-05.wav,/root/autodl-tmp/kfair/data/ravdess_eval_audio/03-01-04-01-01-01-05.wav
a05_s1_happy_angry,5,1,happy,angry,03-01-03-01-01-01-05.wav,/root/autodl-tmp/kfair/data/ravdess_eval_audio/03-01-03-01-01-01-05.wav,03-01-05-01-01-01-05.wav,/root/autodl-tmp/kfair/data/ravdess_eval_audio/03-01-05-01-01-01-05.wav
a05_s1_sad_angry,5,1,sad,angry,03-01-04-01-01-01-05.wav,/root/autodl-tmp/kfair/data/ravdess_eval_audio/03-01-04-01-01-01-05.wav,03-01-05-01-01-01-05.wav,/root/autodl-tmp/kfair/data/ravdess_eval_audio/03-01-05-01-01-01-05.wav
a05_s2_neutral_happy,5,2,neutral,happy,03-01-01-01-02-01-05.wav,/root/autodl-tmp/kfair/data/ravdess_eval_audio/03-01-01-01-02-01-05.wav,03-01-03-01-02-01-05.wav,/root/autodl-tmp/kfair/data/ravdess_eval_audio/03-01-03-01-02-01-05.wav
a05_s2_neutral_sad,5,2,neutral,sad,03-01-01-01-02-01-05.wav,/root/autodl-tmp/kfair/data/ravdess_eval_audio/03-01-01-01-02-01-05.wav,03-01-04-01-02-01-05.wav,/root/autodl-tmp/kfair/data/ravdess_eval_audio/03-01-04-01-02-01-05.wav
a05_s2_neutral_angry,5,2,neutral,angry,03-01-01-01-02-01-05.wav,/root/autodl-tmp/kfair/data/ravdess_eval_audio/03-01-01-01-02-01-05.wav,03-01-05-01-02-01-05.wav,/root/autodl-tmp/kfair/data/ravdess_eval_audio/03-01-05-01-02-01-05.wav
a05_s2_happy_sad,5,2,happy,sad,03-01-03-01-02-01-05.wav,/root/autodl-tmp/kfair/data/ravdess_eval_audio/03-01-03-01-02-01-05.wav,03-01-04-01-02-01-05.wav,/root/autodl-tmp/kfair/data/ravdess_eval_audio/03-01-04-01-02-01-05.wav
a05_s2_happy_angry,5,2,happy,angry,03-01-03-01-02-01-05.wav,/root/autodl-tmp/kfair/data/ravdess_eval_audio/03-01-03-01-02-01-05.wav,03-01-05-01-02-01-05.wav,/root/autodl-tmp/kfair/data/ravdess_eval_audio/03-01-05-01-02-01-05.wav
a05_s2_sad_angry,5,2,sad,angry,03-01-04-01-02-01-05.wav,/root/autodl-tmp/kfair/data/ravdess_eval_audio/03-01-04-01-02-01-05.wav,03-01-05-01-02-01-05.wav,/root/autodl-tmp/kfair/data/ravdess_eval_audio/03-01-05-01-02-01-05.wav
a06_s1_neutral_happy,6,1,neutral,happy,03-01-01-01-01-01-06.wav,/root/autodl-tmp/kfair/data/ravdess_eval_audio/03-01-01-01-01-01-06.wav,03-01-03-01-01-01-06.wav,/root/autodl-tmp/kfair/data/ravdess_eval_audio/03-01-03-01-01-01-06.wav
a06_s1_neutral_sad,6,1,neutral,sad,03-01-01-01-01-01-06.wav,/root/autodl-tmp/kfair/data/ravdess_eval_audio/03-01-01-01-01-01-06.wav,03-01-04-01-01-01-06.wav,/root/autodl-tmp/kfair/data/ravdess_eval_audio/03-01-04-01-01-01-06.wav
a06_s1_neutral_angry,6,1,neutral,angry,03-01-01-01-01-01-06.wav,/root/autodl-tmp/kfair/data/ravdess_eval_audio/03-01-01-01-01-01-06.wav,03-01-05-01-01-01-06.wav,/root/autodl-tmp/kfair/data/ravdess_eval_audio/03-01-05-01-01-01-06.wav
a06_s1_happy_sad,6,1,happy,sad,03-01-03-01-01-01-06.wav,/root/autodl-tmp/kfair/data/ravdess_eval_audio/03-01-03-01-01-01-06.wav,03-01-04-01-01-01-06.wav,/root/autodl-tmp/kfair/data/ravdess_eval_audio/03-01-04-01-01-01-06.wav
a06_s1_happy_angry,6,1,happy,angry,03-01-03-01-01-01-06.wav,/root/autodl-tmp/kfair/data/ravdess_eval_audio/03-01-03-01-01-01-06.wav,03-01-05-01-01-01-06.wav,/root/autodl-tmp/kfair/data/ravdess_eval_audio/03-01-05-01-01-01-06.wav
a06_s1_sad_angry,6,1,sad,angry,03-01-04-01-01-01-06.wav,/root/autodl-tmp/kfair/data/ravdess_eval_audio/03-01-04-01-01-01-06.wav,03-01-05-01-01-01-06.wav,/root/autodl-tmp/kfair/data/ravdess_eval_audio/03-01-05-01-01-01-06.wav
a06_s2_neutral_happy,6,2,neutral,happy,03-01-01-01-02-01-06.wav,/root/autodl-tmp/kfair/data/ravdess_eval_audio/03-01-01-01-02-01-06.wav,03-01-03-01-02-01-06.wav,/root/autodl-tmp/kfair/data/ravdess_eval_audio/03-01-03-01-02-01-06.wav
a06_s2_neutral_sad,6,2,neutral,sad,03-01-01-01-02-01-06.wav,/root/autodl-tmp/kfair/data/ravdess_eval_audio/03-01-01-01-02-01-06.wav,03-01-04-01-02-01-06.wav,/root/autodl-tmp/kfair/data/ravdess_eval_audio/03-01-04-01-02-01-06.wav
a06_s2_neutral_angry,6,2,neutral,angry,03-01-01-01-02-01-06.wav,/root/autodl-tmp/kfair/data/ravdess_eval_audio/03-01-01-01-02-01-06.wav,03-01-05-01-02-01-06.wav,/root/autodl-tmp/kfair/data/ravdess_eval_audio/03-01-05-01-02-01-06.wav
a06_s2_happy_sad,6,2,happy,sad,03-01-03-01-02-01-06.wav,/root/autodl-tmp/kfair/data/ravdess_eval_audio/03-01-03-01-02-01-06.wav,03-01-04-01-02-01-06.wav,/root/autodl-tmp/kfair/data/ravdess_eval_audio/03-01-04-01-02-01-06.wav
a06_s2_happy_angry,6,2,happy,angry,03-01-03-01-02-01-06.wav,/root/autodl-tmp/kfair/data/ravdess_eval_audio/03-01-03-01-02-01-06.wav,03-01-05-01-02-01-06.wav,/root/autodl-tmp/kfair/data/ravdess_eval_audio/03-01-05-01-02-01-06.wav
a06_s2_sad_angry,6,2,sad,angry,03-01-04-01-02-01-06.wav,/root/autodl-tmp/kfair/data/ravdess_eval_audio/03-01-04-01-02-01-06.wav,03-01-05-01-02-01-06.wav,/root/autodl-tmp/kfair/data/ravdess_eval_audio/03-01-05-01-02-01-06.wav
a07_s1_neutral_happy,7,1,neutral,happy,03-01-01-01-01-01-07.wav,/root/autodl-tmp/kfair/data/ravdess_eval_audio/03-01-01-01-01-01-07.wav,03-01-03-01-01-01-07.wav,/root/autodl-tmp/kfair/data/ravdess_eval_audio/03-01-03-01-01-01-07.wav
a07_s1_neutral_sad,7,1,neutral,sad,03-01-01-01-01-01-07.wav,/root/autodl-tmp/kfair/data/ravdess_eval_audio/03-01-01-01-01-01-07.wav,03-01-04-01-01-01-07.wav,/root/autodl-tmp/kfair/data/ravdess_eval_audio/03-01-04-01-01-01-07.wav
a07_s1_neutral_angry,7,1,neutral,angry,03-01-01-01-01-01-07.wav,/root/autodl-tmp/kfair/data/ravdess_eval_audio/03-01-01-01-01-01-07.wav,03-01-05-01-01-01-07.wav,/root/autodl-tmp/kfair/data/ravdess_eval_audio/03-01-05-01-01-01-07.wav
a07_s1_happy_sad,7,1,happy,sad,03-01-03-01-01-01-07.wav,/root/autodl-tmp/kfair/data/ravdess_eval_audio/03-01-03-01-01-01-07.wav,03-01-04-01-01-01-07.wav,/root/autodl-tmp/kfair/data/ravdess_eval_audio/03-01-04-01-01-01-07.wav
a07_s1_happy_angry,7,1,happy,angry,03-01-03-01-01-01-07.wav,/root/autodl-tmp/kfair/data/ravdess_eval_audio/03-01-03-01-01-01-07.wav,03-01-05-01-01-01-07.wav,/root/autodl-tmp/kfair/data/ravdess_eval_audio/03-01-05-01-01-01-07.wav
a07_s1_sad_angry,7,1,sad,angry,03-01-04-01-01-01-07.wav,/root/autodl-tmp/kfair/data/ravdess_eval_audio/03-01-04-01-01-01-07.wav,03-01-05-01-01-01-07.wav,/root/autodl-tmp/kfair/data/ravdess_eval_audio/03-01-05-01-01-01-07.wav
a07_s2_neutral_happy,7,2,neutral,happy,03-01-01-01-02-01-07.wav,/root/autodl-tmp/kfair/data/ravdess_eval_audio/03-01-01-01-02-01-07.wav,03-01-03-01-02-01-07.wav,/root/autodl-tmp/kfair/data/ravdess_eval_audio/03-01-03-01-02-01-07.wav
a07_s2_neutral_sad,7,2,neutral,sad,03-01-01-01-02-01-07.wav,/root/autodl-tmp/kfair/data/ravdess_eval_audio/03-01-01-01-02-01-07.wav,03-01-04-01-02-01-07.wav,/root/autodl-tmp/kfair/data/ravdess_eval_audio/03-01-04-01-02-01-07.wav
a07_s2_neutral_angry,7,2,neutral,angry,03-01-01-01-02-01-07.wav,/root/autodl-tmp/kfair/data/ravdess_eval_audio/03-01-01-01-02-01-07.wav,03-01-05-01-02-01-07.wav,/root/autodl-tmp/kfair/data/ravdess_eval_audio/03-01-05-01-02-01-07.wav
a07_s2_happy_sad,7,2,happy,sad,03-01-03-01-02-01-07.wav,/root/autodl-tmp/kfair/data/ravdess_eval_audio/03-01-03-01-02-01-07.wav,03-01-04-01-02-01-07.wav,/root/autodl-tmp/kfair/data/ravdess_eval_audio/03-01-04-01-02-01-07.wav
a07_s2_happy_angry,7,2,happy,angry,03-01-03-01-02-01-07.wav,/root/autodl-tmp/kfair/data/ravdess_eval_audio/03-01-03-01-02-01-07.wav,03-01-05-01-02-01-07.wav,/root/autodl-tmp/kfair/data/ravdess_eval_audio/03-01-05-01-02-01-07.wav
a07_s2_sad_angry,7,2,sad,angry,03-01-04-01-02-01-07.wav,/root/autodl-tmp/kfair/data/ravdess_eval_audio/03-01-04-01-02-01-07.wav,03-01-05-01-02-01-07.wav,/root/autodl-tmp/kfair/data/ravdess_eval_audio/03-01-05-01-02-01-07.wav
a08_s1_neutral_happy,8,1,neutral,happy,03-01-01-01-01-01-08.wav,/root/autodl-tmp/kfair/data/ravdess_eval_audio/03-01-01-01-01-01-08.wav,03-01-03-01-01-01-08.wav,/root/autodl-tmp/kfair/data/ravdess_eval_audio/03-01-03-01-01-01-08.wav
a08_s1_neutral_sad,8,1,neutral,sad,03-01-01-01-01-01-08.wav,/root/autodl-tmp/kfair/data/ravdess_eval_audio/03-01-01-01-01-01-08.wav,03-01-04-01-01-01-08.wav,/root/autodl-tmp/kfair/data/ravdess_eval_audio/03-01-04-01-01-01-08.wav
a08_s1_neutral_angry,8,1,neutral,angry,03-01-01-01-01-01-08.wav,/root/autodl-tmp/kfair/data/ravdess_eval_audio/03-01-01-01-01-01-08.wav,03-01-05-01-01-01-08.wav,/root/autodl-tmp/kfair/data/ravdess_eval_audio/03-01-05-01-01-01-08.wav
a08_s1_happy_sad,8,1,happy,sad,03-01-03-01-01-01-08.wav,/root/autodl-tmp/kfair/data/ravdess_eval_audio/03-01-03-01-01-01-08.wav,03-01-04-01-01-01-08.wav,/root/autodl-tmp/kfair/data/ravdess_eval_audio/03-01-04-01-01-01-08.wav
a08_s1_happy_angry,8,1,happy,angry,03-01-03-01-01-01-08.wav,/root/autodl-tmp/kfair/data/ravdess_eval_audio/03-01-03-01-01-01-08.wav,03-01-05-01-01-01-08.wav,/root/autodl-tmp/kfair/data/ravdess_eval_audio/03-01-05-01-01-01-08.wav
a08_s1_sad_angry,8,1,sad,angry,03-01-04-01-01-01-08.wav,/root/autodl-tmp/kfair/data/ravdess_eval_audio/03-01-04-01-01-01-08.wav,03-01-05-01-01-01-08.wav,/root/autodl-tmp/kfair/data/ravdess_eval_audio/03-01-05-01-01-01-08.wav
a08_s2_neutral_happy,8,2,neutral,happy,03-01-01-01-02-01-08.wav,/root/autodl-tmp/kfair/data/ravdess_eval_audio/03-01-01-01-02-01-08.wav,03-01-03-01-02-01-08.wav,/root/autodl-tmp/kfair/data/ravdess_eval_audio/03-01-03-01-02-01-08.wav
a08_s2_neutral_sad,8,2,neutral,sad,03-01-01-01-02-01-08.wav,/root/autodl-tmp/kfair/data/ravdess_eval_audio/03-01-01-01-02-01-08.wav,03-01-04-01-02-01-08.wav,/root/autodl-tmp/kfair/data/ravdess_eval_audio/03-01-04-01-02-01-08.wav
a08_s2_neutral_angry,8,2,neutral,angry,03-01-01-01-02-01-08.wav,/root/autodl-tmp/kfair/data/ravdess_eval_audio/03-01-01-01-02-01-08.wav,03-01-05-01-02-01-08.wav,/root/autodl-tmp/kfair/data/ravdess_eval_audio/03-01-05-01-02-01-08.wav
a08_s2_happy_sad,8,2,happy,sad,03-01-03-01-02-01-08.wav,/root/autodl-tmp/kfair/data/ravdess_eval_audio/03-01-03-01-02-01-08.wav,03-01-04-01-02-01-08.wav,/root/autodl-tmp/kfair/data/ravdess_eval_audio/03-01-04-01-02-01-08.wav
a08_s2_happy_angry,8,2,happy,angry,03-01-03-01-02-01-08.wav,/root/autodl-tmp/kfair/data/ravdess_eval_audio/03-01-03-01-02-01-08.wav,03-01-05-01-02-01-08.wav,/root/autodl-tmp/kfair/data/ravdess_eval_audio/03-01-05-01-02-01-08.wav
a08_s2_sad_angry,8,2,sad,angry,03-01-04-01-02-01-08.wav,/root/autodl-tmp/kfair/data/ravdess_eval_audio/03-01-04-01-02-01-08.wav,03-01-05-01-02-01-08.wav,/root/autodl-tmp/kfair/data/ravdess_eval_audio/03-01-05-01-02-01-08.wav
a09_s1_neutral_happy,9,1,neutral,happy,03-01-01-01-01-01-09.wav,/root/autodl-tmp/kfair/data/ravdess_eval_audio/03-01-01-01-01-01-09.wav,03-01-03-01-01-01-09.wav,/root/autodl-tmp/kfair/data/ravdess_eval_audio/03-01-03-01-01-01-09.wav
a09_s1_neutral_sad,9,1,neutral,sad,03-01-01-01-01-01-09.wav,/root/autodl-tmp/kfair/data/ravdess_eval_audio/03-01-01-01-01-01-09.wav,03-01-04-01-01-01-09.wav,/root/autodl-tmp/kfair/data/ravdess_eval_audio/03-01-04-01-01-01-09.wav
a09_s1_neutral_angry,9,1,neutral,angry,03-01-01-01-01-01-09.wav,/root/autodl-tmp/kfair/data/ravdess_eval_audio/03-01-01-01-01-01-09.wav,03-01-05-01-01-01-09.wav,/root/autodl-tmp/kfair/data/ravdess_eval_audio/03-01-05-01-01-01-09.wav
a09_s1_happy_sad,9,1,happy,sad,03-01-03-01-01-01-09.wav,/root/autodl-tmp/kfair/data/ravdess_eval_audio/03-01-03-01-01-01-09.wav,03-01-04-01-01-01-09.wav,/root/autodl-tmp/kfair/data/ravdess_eval_audio/03-01-04-01-01-01-09.wav
a09_s1_happy_angry,9,1,happy,angry,03-01-03-01-01-01-09.wav,/root/autodl-tmp/kfair/data/ravdess_eval_audio/03-01-03-01-01-01-09.wav,03-01-05-01-01-01-09.wav,/root/autodl-tmp/kfair/data/ravdess_eval_audio/03-01-05-01-01-01-09.wav
a09_s1_sad_angry,9,1,sad,angry,03-01-04-01-01-01-09.wav,/root/autodl-tmp/kfair/data/ravdess_eval_audio/03-01-04-01-01-01-09.wav,03-01-05-01-01-01-09.wav,/root/autodl-tmp/kfair/data/ravdess_eval_audio/03-01-05-01-01-01-09.wav
a09_s2_neutral_happy,9,2,neutral,happy,03-01-01-01-02-01-09.wav,/root/autodl-tmp/kfair/data/ravdess_eval_audio/03-01-01-01-02-01-09.wav,03-01-03-01-02-01-09.wav,/root/autodl-tmp/kfair/data/ravdess_eval_audio/03-01-03-01-02-01-09.wav
a09_s2_neutral_sad,9,2,neutral,sad,03-01-01-01-02-01-09.wav,/root/autodl-tmp/kfair/data/ravdess_eval_audio/03-01-01-01-02-01-09.wav,03-01-04-01-02-01-09.wav,/root/autodl-tmp/kfair/data/ravdess_eval_audio/03-01-04-01-02-01-09.wav
a09_s2_neutral_angry,9,2,neutral,angry,03-01-01-01-02-01-09.wav,/root/autodl-tmp/kfair/data/ravdess_eval_audio/03-01-01-01-02-01-09.wav,03-01-05-01-02-01-09.wav,/root/autodl-tmp/kfair/data/ravdess_eval_audio/03-01-05-01-02-01-09.wav
a09_s2_happy_sad,9,2,happy,sad,03-01-03-01-02-01-09.wav,/root/autodl-tmp/kfair/data/ravdess_eval_audio/03-01-03-01-02-01-09.wav,03-01-04-01-02-01-09.wav,/root/autodl-tmp/kfair/data/ravdess_eval_audio/03-01-04-01-02-01-09.wav
a09_s2_happy_angry,9,2,happy,angry,03-01-03-01-02-01-09.wav,/root/autodl-tmp/kfair/data/ravdess_eval_audio/03-01-03-01-02-01-09.wav,03-01-05-01-02-01-09.wav,/root/autodl-tmp/kfair/data/ravdess_eval_audio/03-01-05-01-02-01-09.wav
a09_s2_sad_angry,9,2,sad,angry,03-01-04-01-02-01-09.wav,/root/autodl-tmp/kfair/data/ravdess_eval_audio/03-01-04-01-02-01-09.wav,03-01-05-01-02-01-09.wav,/root/autodl-tmp/kfair/data/ravdess_eval_audio/03-01-05-01-02-01-09.wav
a10_s1_neutral_happy,10,1,neutral,happy,03-01-01-01-01-01-10.wav,/root/autodl-tmp/kfair/data/ravdess_eval_audio/03-01-01-01-01-01-10.wav,03-01-03-01-01-01-10.wav,/root/autodl-tmp/kfair/data/ravdess_eval_audio/03-01-03-01-01-01-10.wav
a10_s1_neutral_sad,10,1,neutral,sad,03-01-01-01-01-01-10.wav,/root/autodl-tmp/kfair/data/ravdess_eval_audio/03-01-01-01-01-01-10.wav,03-01-04-01-01-01-10.wav,/root/autodl-tmp/kfair/data/ravdess_eval_audio/03-01-04-01-01-01-10.wav
a10_s1_neutral_angry,10,1,neutral,angry,03-01-01-01-01-01-10.wav,/root/autodl-tmp/kfair/data/ravdess_eval_audio/03-01-01-01-01-01-10.wav,03-01-05-01-01-01-10.wav,/root/autodl-tmp/kfair/data/ravdess_eval_audio/03-01-05-01-01-01-10.wav
a10_s1_happy_sad,10,1,happy,sad,03-01-03-01-01-01-10.wav,/root/autodl-tmp/kfair/data/ravdess_eval_audio/03-01-03-01-01-01-10.wav,03-01-04-01-01-01-10.wav,/root/autodl-tmp/kfair/data/ravdess_eval_audio/03-01-04-01-01-01-10.wav
a10_s1_happy_angry,10,1,happy,angry,03-01-03-01-01-01-10.wav,/root/autodl-tmp/kfair/data/ravdess_eval_audio/03-01-03-01-01-01-10.wav,03-01-05-01-01-01-10.wav,/root/autodl-tmp/kfair/data/ravdess_eval_audio/03-01-05-01-01-01-10.wav
a10_s1_sad_angry,10,1,sad,angry,03-01-04-01-01-01-10.wav,/root/autodl-tmp/kfair/data/ravdess_eval_audio/03-01-04-01-01-01-10.wav,03-01-05-01-01-01-10.wav,/root/autodl-tmp/kfair/data/ravdess_eval_audio/03-01-05-01-01-01-10.wav
a10_s2_neutral_happy,10,2,neutral,happy,03-01-01-01-02-01-10.wav,/root/autodl-tmp/kfair/data/ravdess_eval_audio/03-01-01-01-02-01-10.wav,03-01-03-01-02-01-10.wav,/root/autodl-tmp/kfair/data/ravdess_eval_audio/03-01-03-01-02-01-10.wav
a10_s2_neutral_sad,10,2,neutral,sad,03-01-01-01-02-01-10.wav,/root/autodl-tmp/kfair/data/ravdess_eval_audio/03-01-01-01-02-01-10.wav,03-01-04-01-02-01-10.wav,/root/autodl-tmp/kfair/data/ravdess_eval_audio/03-01-04-01-02-01-10.wav
a10_s2_neutral_angry,10,2,neutral,angry,03-01-01-01-02-01-10.wav,/root/autodl-tmp/kfair/data/ravdess_eval_audio/03-01-01-01-02-01-10.wav,03-01-05-01-02-01-10.wav,/root/autodl-tmp/kfair/data/ravdess_eval_audio/03-01-05-01-02-01-10.wav
a10_s2_happy_sad,10,2,happy,sad,03-01-03-01-02-01-10.wav,/root/autodl-tmp/kfair/data/ravdess_eval_audio/03-01-03-01-02-01-10.wav,03-01-04-01-02-01-10.wav,/root/autodl-tmp/kfair/data/ravdess_eval_audio/03-01-04-01-02-01-10.wav
a10_s2_happy_angry,10,2,happy,angry,03-01-03-01-02-01-10.wav,/root/autodl-tmp/kfair/data/ravdess_eval_audio/03-01-03-01-02-01-10.wav,03-01-05-01-02-01-10.wav,/root/autodl-tmp/kfair/data/ravdess_eval_audio/03-01-05-01-02-01-10.wav
a10_s2_sad_angry,10,2,sad,angry,03-01-04-01-02-01-10.wav,/root/autodl-tmp/kfair/data/ravdess_eval_audio/03-01-04-01-02-01-10.wav,03-01-05-01-02-01-10.wav,/root/autodl-tmp/kfair/data/ravdess_eval_audio/03-01-05-01-02-01-10.wav
a11_s1_neutral_happy,11,1,neutral,happy,03-01-01-01-01-01-11.wav,/root/autodl-tmp/kfair/data/ravdess_eval_audio/03-01-01-01-01-01-11.wav,03-01-03-01-01-01-11.wav,/root/autodl-tmp/kfair/data/ravdess_eval_audio/03-01-03-01-01-01-11.wav
a11_s1_neutral_sad,11,1,neutral,sad,03-01-01-01-01-01-11.wav,/root/autodl-tmp/kfair/data/ravdess_eval_audio/03-01-01-01-01-01-11.wav,03-01-04-01-01-01-11.wav,/root/autodl-tmp/kfair/data/ravdess_eval_audio/03-01-04-01-01-01-11.wav
a11_s1_neutral_angry,11,1,neutral,angry,03-01-01-01-01-01-11.wav,/root/autodl-tmp/kfair/data/ravdess_eval_audio/03-01-01-01-01-01-11.wav,03-01-05-01-01-01-11.wav,/root/autodl-tmp/kfair/data/ravdess_eval_audio/03-01-05-01-01-01-11.wav
a11_s1_happy_sad,11,1,happy,sad,03-01-03-01-01-01-11.wav,/root/autodl-tmp/kfair/data/ravdess_eval_audio/03-01-03-01-01-01-11.wav,03-01-04-01-01-01-11.wav,/root/autodl-tmp/kfair/data/ravdess_eval_audio/03-01-04-01-01-01-11.wav
a11_s1_happy_angry,11,1,happy,angry,03-01-03-01-01-01-11.wav,/root/autodl-tmp/kfair/data/ravdess_eval_audio/03-01-03-01-01-01-11.wav,03-01-05-01-01-01-11.wav,/root/autodl-tmp/kfair/data/ravdess_eval_audio/03-01-05-01-01-01-11.wav
a11_s1_sad_angry,11,1,sad,angry,03-01-04-01-01-01-11.wav,/root/autodl-tmp/kfair/data/ravdess_eval_audio/03-01-04-01-01-01-11.wav,03-01-05-01-01-01-11.wav,/root/autodl-tmp/kfair/data/ravdess_eval_audio/03-01-05-01-01-01-11.wav
a11_s2_neutral_happy,11,2,neutral,happy,03-01-01-01-02-01-11.wav,/root/autodl-tmp/kfair/data/ravdess_eval_audio/03-01-01-01-02-01-11.wav,03-01-03-01-02-01-11.wav,/root/autodl-tmp/kfair/data/ravdess_eval_audio/03-01-03-01-02-01-11.wav
a11_s2_neutral_sad,11,2,neutral,sad,03-01-01-01-02-01-11.wav,/root/autodl-tmp/kfair/data/ravdess_eval_audio/03-01-01-01-02-01-11.wav,03-01-04-01-02-01-11.wav,/root/autodl-tmp/kfair/data/ravdess_eval_audio/03-01-04-01-02-01-11.wav
a11_s2_neutral_angry,11,2,neutral,angry,03-01-01-01-02-01-11.wav,/root/autodl-tmp/kfair/data/ravdess_eval_audio/03-01-01-01-02-01-11.wav,03-01-05-01-02-01-11.wav,/root/autodl-tmp/kfair/data/ravdess_eval_audio/03-01-05-01-02-01-11.wav
a11_s2_happy_sad,11,2,happy,sad,03-01-03-01-02-01-11.wav,/root/autodl-tmp/kfair/data/ravdess_eval_audio/03-01-03-01-02-01-11.wav,03-01-04-01-02-01-11.wav,/root/autodl-tmp/kfair/data/ravdess_eval_audio/03-01-04-01-02-01-11.wav
a11_s2_happy_angry,11,2,happy,angry,03-01-03-01-02-01-11.wav,/root/autodl-tmp/kfair/data/ravdess_eval_audio/03-01-03-01-02-01-11.wav,03-01-05-01-02-01-11.wav,/root/autodl-tmp/kfair/data/ravdess_eval_audio/03-01-05-01-02-01-11.wav
a11_s2_sad_angry,11,2,sad,angry,03-01-04-01-02-01-11.wav,/root/autodl-tmp/kfair/data/ravdess_eval_audio/03-01-04-01-02-01-11.wav,03-01-05-01-02-01-11.wav,/root/autodl-tmp/kfair/data/ravdess_eval_audio/03-01-05-01-02-01-11.wav
a12_s1_neutral_happy,12,1,neutral,happy,03-01-01-01-01-01-12.wav,/root/autodl-tmp/kfair/data/ravdess_eval_audio/03-01-01-01-01-01-12.wav,03-01-03-01-01-01-12.wav,/root/autodl-tmp/kfair/data/ravdess_eval_audio/03-01-03-01-01-01-12.wav
a12_s1_neutral_sad,12,1,neutral,sad,03-01-01-01-01-01-12.wav,/root/autodl-tmp/kfair/data/ravdess_eval_audio/03-01-01-01-01-01-12.wav,03-01-04-01-01-01-12.wav,/root/autodl-tmp/kfair/data/ravdess_eval_audio/03-01-04-01-01-01-12.wav
a12_s1_neutral_angry,12,1,neutral,angry,03-01-01-01-01-01-12.wav,/root/autodl-tmp/kfair/data/ravdess_eval_audio/03-01-01-01-01-01-12.wav,03-01-05-01-01-01-12.wav,/root/autodl-tmp/kfair/data/ravdess_eval_audio/03-01-05-01-01-01-12.wav
a12_s1_happy_sad,12,1,happy,sad,03-01-03-01-01-01-12.wav,/root/autodl-tmp/kfair/data/ravdess_eval_audio/03-01-03-01-01-01-12.wav,03-01-04-01-01-01-12.wav,/root/autodl-tmp/kfair/data/ravdess_eval_audio/03-01-04-01-01-01-12.wav
a12_s1_happy_angry,12,1,happy,angry,03-01-03-01-01-01-12.wav,/root/autodl-tmp/kfair/data/ravdess_eval_audio/03-01-03-01-01-01-12.wav,03-01-05-01-01-01-12.wav,/root/autodl-tmp/kfair/data/ravdess_eval_audio/03-01-05-01-01-01-12.wav
a12_s1_sad_angry,12,1,sad,angry,03-01-04-01-01-01-12.wav,/root/autodl-tmp/kfair/data/ravdess_eval_audio/03-01-04-01-01-01-12.wav,03-01-05-01-01-01-12.wav,/root/autodl-tmp/kfair/data/ravdess_eval_audio/03-01-05-01-01-01-12.wav
a12_s2_neutral_happy,12,2,neutral,happy,03-01-01-01-02-01-12.wav,/root/autodl-tmp/kfair/data/ravdess_eval_audio/03-01-01-01-02-01-12.wav,03-01-03-01-02-01-12.wav,/root/autodl-tmp/kfair/data/ravdess_eval_audio/03-01-03-01-02-01-12.wav
a12_s2_neutral_sad,12,2,neutral,sad,03-01-01-01-02-01-12.wav,/root/autodl-tmp/kfair/data/ravdess_eval_audio/03-01-01-01-02-01-12.wav,03-01-04-01-02-01-12.wav,/root/autodl-tmp/kfair/data/ravdess_eval_audio/03-01-04-01-02-01-12.wav
a12_s2_neutral_angry,12,2,neutral,angry,03-01-01-01-02-01-12.wav,/root/autodl-tmp/kfair/data/ravdess_eval_audio/03-01-01-01-02-01-12.wav,03-01-05-01-02-01-12.wav,/root/autodl-tmp/kfair/data/ravdess_eval_audio/03-01-05-01-02-01-12.wav
a12_s2_happy_sad,12,2,happy,sad,03-01-03-01-02-01-12.wav,/root/autodl-tmp/kfair/data/ravdess_eval_audio/03-01-03-01-02-01-12.wav,03-01-04-01-02-01-12.wav,/root/autodl-tmp/kfair/data/ravdess_eval_audio/03-01-04-01-02-01-12.wav
a12_s2_happy_angry,12,2,happy,angry,03-01-03-01-02-01-12.wav,/root/autodl-tmp/kfair/data/ravdess_eval_audio/03-01-03-01-02-01-12.wav,03-01-05-01-02-01-12.wav,/root/autodl-tmp/kfair/data/ravdess_eval_audio/03-01-05-01-02-01-12.wav
a12_s2_sad_angry,12,2,sad,angry,03-01-04-01-02-01-12.wav,/root/autodl-tmp/kfair/data/ravdess_eval_audio/03-01-04-01-02-01-12.wav,03-01-05-01-02-01-12.wav,/root/autodl-tmp/kfair/data/ravdess_eval_audio/03-01-05-01-02-01-12.wav
a13_s1_neutral_happy,13,1,neutral,happy,03-01-01-01-01-01-13.wav,/root/autodl-tmp/kfair/data/ravdess_eval_audio/03-01-01-01-01-01-13.wav,03-01-03-01-01-01-13.wav,/root/autodl-tmp/kfair/data/ravdess_eval_audio/03-01-03-01-01-01-13.wav
a13_s1_neutral_sad,13,1,neutral,sad,03-01-01-01-01-01-13.wav,/root/autodl-tmp/kfair/data/ravdess_eval_audio/03-01-01-01-01-01-13.wav,03-01-04-01-01-01-13.wav,/root/autodl-tmp/kfair/data/ravdess_eval_audio/03-01-04-01-01-01-13.wav
a13_s1_neutral_angry,13,1,neutral,angry,03-01-01-01-01-01-13.wav,/root/autodl-tmp/kfair/data/ravdess_eval_audio/03-01-01-01-01-01-13.wav,03-01-05-01-01-01-13.wav,/root/autodl-tmp/kfair/data/ravdess_eval_audio/03-01-05-01-01-01-13.wav
a13_s1_happy_sad,13,1,happy,sad,03-01-03-01-01-01-13.wav,/root/autodl-tmp/kfair/data/ravdess_eval_audio/03-01-03-01-01-01-13.wav,03-01-04-01-01-01-13.wav,/root/autodl-tmp/kfair/data/ravdess_eval_audio/03-01-04-01-01-01-13.wav
a13_s1_happy_angry,13,1,happy,angry,03-01-03-01-01-01-13.wav,/root/autodl-tmp/kfair/data/ravdess_eval_audio/03-01-03-01-01-01-13.wav,03-01-05-01-01-01-13.wav,/root/autodl-tmp/kfair/data/ravdess_eval_audio/03-01-05-01-01-01-13.wav
a13_s1_sad_angry,13,1,sad,angry,03-01-04-01-01-01-13.wav,/root/autodl-tmp/kfair/data/ravdess_eval_audio/03-01-04-01-01-01-13.wav,03-01-05-01-01-01-13.wav,/root/autodl-tmp/kfair/data/ravdess_eval_audio/03-01-05-01-01-01-13.wav
a13_s2_neutral_happy,13,2,neutral,happy,03-01-01-01-02-01-13.wav,/root/autodl-tmp/kfair/data/ravdess_eval_audio/03-01-01-01-02-01-13.wav,03-01-03-01-02-01-13.wav,/root/autodl-tmp/kfair/data/ravdess_eval_audio/03-01-03-01-02-01-13.wav
a13_s2_neutral_sad,13,2,neutral,sad,03-01-01-01-02-01-13.wav,/root/autodl-tmp/kfair/data/ravdess_eval_audio/03-01-01-01-02-01-13.wav,03-01-04-01-02-01-13.wav,/root/autodl-tmp/kfair/data/ravdess_eval_audio/03-01-04-01-02-01-13.wav
a13_s2_neutral_angry,13,2,neutral,angry,03-01-01-01-02-01-13.wav,/root/autodl-tmp/kfair/data/ravdess_eval_audio/03-01-01-01-02-01-13.wav,03-01-05-01-02-01-13.wav,/root/autodl-tmp/kfair/data/ravdess_eval_audio/03-01-05-01-02-01-13.wav
a13_s2_happy_sad,13,2,happy,sad,03-01-03-01-02-01-13.wav,/root/autodl-tmp/kfair/data/ravdess_eval_audio/03-01-03-01-02-01-13.wav,03-01-04-01-02-01-13.wav,/root/autodl-tmp/kfair/data/ravdess_eval_audio/03-01-04-01-02-01-13.wav
a13_s2_happy_angry,13,2,happy,angry,03-01-03-01-02-01-13.wav,/root/autodl-tmp/kfair/data/ravdess_eval_audio/03-01-03-01-02-01-13.wav,03-01-05-01-02-01-13.wav,/root/autodl-tmp/kfair/data/ravdess_eval_audio/03-01-05-01-02-01-13.wav
a13_s2_sad_angry,13,2,sad,angry,03-01-04-01-02-01-13.wav,/root/autodl-tmp/kfair/data/ravdess_eval_audio/03-01-04-01-02-01-13.wav,03-01-05-01-02-01-13.wav,/root/autodl-tmp/kfair/data/ravdess_eval_audio/03-01-05-01-02-01-13.wav
a14_s1_neutral_happy,14,1,neutral,happy,03-01-01-01-01-01-14.wav,/root/autodl-tmp/kfair/data/ravdess_eval_audio/03-01-01-01-01-01-14.wav,03-01-03-01-01-01-14.wav,/root/autodl-tmp/kfair/data/ravdess_eval_audio/03-01-03-01-01-01-14.wav
a14_s1_neutral_sad,14,1,neutral,sad,03-01-01-01-01-01-14.wav,/root/autodl-tmp/kfair/data/ravdess_eval_audio/03-01-01-01-01-01-14.wav,03-01-04-01-01-01-14.wav,/root/autodl-tmp/kfair/data/ravdess_eval_audio/03-01-04-01-01-01-14.wav
a14_s1_neutral_angry,14,1,neutral,angry,03-01-01-01-01-01-14.wav,/root/autodl-tmp/kfair/data/ravdess_eval_audio/03-01-01-01-01-01-14.wav,03-01-05-01-01-01-14.wav,/root/autodl-tmp/kfair/data/ravdess_eval_audio/03-01-05-01-01-01-14.wav
a14_s1_happy_sad,14,1,happy,sad,03-01-03-01-01-01-14.wav,/root/autodl-tmp/kfair/data/ravdess_eval_audio/03-01-03-01-01-01-14.wav,03-01-04-01-01-01-14.wav,/root/autodl-tmp/kfair/data/ravdess_eval_audio/03-01-04-01-01-01-14.wav
a14_s1_happy_angry,14,1,happy,angry,03-01-03-01-01-01-14.wav,/root/autodl-tmp/kfair/data/ravdess_eval_audio/03-01-03-01-01-01-14.wav,03-01-05-01-01-01-14.wav,/root/autodl-tmp/kfair/data/ravdess_eval_audio/03-01-05-01-01-01-14.wav
a14_s1_sad_angry,14,1,sad,angry,03-01-04-01-01-01-14.wav,/root/autodl-tmp/kfair/data/ravdess_eval_audio/03-01-04-01-01-01-14.wav,03-01-05-01-01-01-14.wav,/root/autodl-tmp/kfair/data/ravdess_eval_audio/03-01-05-01-01-01-14.wav
a14_s2_neutral_happy,14,2,neutral,happy,03-01-01-01-02-01-14.wav,/root/autodl-tmp/kfair/data/ravdess_eval_audio/03-01-01-01-02-01-14.wav,03-01-03-01-02-01-14.wav,/root/autodl-tmp/kfair/data/ravdess_eval_audio/03-01-03-01-02-01-14.wav
a14_s2_neutral_sad,14,2,neutral,sad,03-01-01-01-02-01-14.wav,/root/autodl-tmp/kfair/data/ravdess_eval_audio/03-01-01-01-02-01-14.wav,03-01-04-01-02-01-14.wav,/root/autodl-tmp/kfair/data/ravdess_eval_audio/03-01-04-01-02-01-14.wav
a14_s2_neutral_angry,14,2,neutral,angry,03-01-01-01-02-01-14.wav,/root/autodl-tmp/kfair/data/ravdess_eval_audio/03-01-01-01-02-01-14.wav,03-01-05-01-02-01-14.wav,/root/autodl-tmp/kfair/data/ravdess_eval_audio/03-01-05-01-02-01-14.wav
a14_s2_happy_sad,14,2,happy,sad,03-01-03-01-02-01-14.wav,/root/autodl-tmp/kfair/data/ravdess_eval_audio/03-01-03-01-02-01-14.wav,03-01-04-01-02-01-14.wav,/root/autodl-tmp/kfair/data/ravdess_eval_audio/03-01-04-01-02-01-14.wav
a14_s2_happy_angry,14,2,happy,angry,03-01-03-01-02-01-14.wav,/root/autodl-tmp/kfair/data/ravdess_eval_audio/03-01-03-01-02-01-14.wav,03-01-05-01-02-01-14.wav,/root/autodl-tmp/kfair/data/ravdess_eval_audio/03-01-05-01-02-01-14.wav
a14_s2_sad_angry,14,2,sad,angry,03-01-04-01-02-01-14.wav,/root/autodl-tmp/kfair/data/ravdess_eval_audio/03-01-04-01-02-01-14.wav,03-01-05-01-02-01-14.wav,/root/autodl-tmp/kfair/data/ravdess_eval_audio/03-01-05-01-02-01-14.wav
a15_s1_neutral_happy,15,1,neutral,happy,03-01-01-01-01-01-15.wav,/root/autodl-tmp/kfair/data/ravdess_eval_audio/03-01-01-01-01-01-15.wav,03-01-03-01-01-01-15.wav,/root/autodl-tmp/kfair/data/ravdess_eval_audio/03-01-03-01-01-01-15.wav
a15_s1_neutral_sad,15,1,neutral,sad,03-01-01-01-01-01-15.wav,/root/autodl-tmp/kfair/data/ravdess_eval_audio/03-01-01-01-01-01-15.wav,03-01-04-01-01-01-15.wav,/root/autodl-tmp/kfair/data/ravdess_eval_audio/03-01-04-01-01-01-15.wav
a15_s1_neutral_angry,15,1,neutral,angry,03-01-01-01-01-01-15.wav,/root/autodl-tmp/kfair/data/ravdess_eval_audio/03-01-01-01-01-01-15.wav,03-01-05-01-01-01-15.wav,/root/autodl-tmp/kfair/data/ravdess_eval_audio/03-01-05-01-01-01-15.wav
a15_s1_happy_sad,15,1,happy,sad,03-01-03-01-01-01-15.wav,/root/autodl-tmp/kfair/data/ravdess_eval_audio/03-01-03-01-01-01-15.wav,03-01-04-01-01-01-15.wav,/root/autodl-tmp/kfair/data/ravdess_eval_audio/03-01-04-01-01-01-15.wav
a15_s1_happy_angry,15,1,happy,angry,03-01-03-01-01-01-15.wav,/root/autodl-tmp/kfair/data/ravdess_eval_audio/03-01-03-01-01-01-15.wav,03-01-05-01-01-01-15.wav,/root/autodl-tmp/kfair/data/ravdess_eval_audio/03-01-05-01-01-01-15.wav
a15_s1_sad_angry,15,1,sad,angry,03-01-04-01-01-01-15.wav,/root/autodl-tmp/kfair/data/ravdess_eval_audio/03-01-04-01-01-01-15.wav,03-01-05-01-01-01-15.wav,/root/autodl-tmp/kfair/data/ravdess_eval_audio/03-01-05-01-01-01-15.wav
a15_s2_neutral_happy,15,2,neutral,happy,03-01-01-01-02-01-15.wav,/root/autodl-tmp/kfair/data/ravdess_eval_audio/03-01-01-01-02-01-15.wav,03-01-03-01-02-01-15.wav,/root/autodl-tmp/kfair/data/ravdess_eval_audio/03-01-03-01-02-01-15.wav
a15_s2_neutral_sad,15,2,neutral,sad,03-01-01-01-02-01-15.wav,/root/autodl-tmp/kfair/data/ravdess_eval_audio/03-01-01-01-02-01-15.wav,03-01-04-01-02-01-15.wav,/root/autodl-tmp/kfair/data/ravdess_eval_audio/03-01-04-01-02-01-15.wav
a15_s2_neutral_angry,15,2,neutral,angry,03-01-01-01-02-01-15.wav,/root/autodl-tmp/kfair/data/ravdess_eval_audio/03-01-01-01-02-01-15.wav,03-01-05-01-02-01-15.wav,/root/autodl-tmp/kfair/data/ravdess_eval_audio/03-01-05-01-02-01-15.wav
a15_s2_happy_sad,15,2,happy,sad,03-01-03-01-02-01-15.wav,/root/autodl-tmp/kfair/data/ravdess_eval_audio/03-01-03-01-02-01-15.wav,03-01-04-01-02-01-15.wav,/root/autodl-tmp/kfair/data/ravdess_eval_audio/03-01-04-01-02-01-15.wav
a15_s2_happy_angry,15,2,happy,angry,03-01-03-01-02-01-15.wav,/root/autodl-tmp/kfair/data/ravdess_eval_audio/03-01-03-01-02-01-15.wav,03-01-05-01-02-01-15.wav,/root/autodl-tmp/kfair/data/ravdess_eval_audio/03-01-05-01-02-01-15.wav
a15_s2_sad_angry,15,2,sad,angry,03-01-04-01-02-01-15.wav,/root/autodl-tmp/kfair/data/ravdess_eval_audio/03-01-04-01-02-01-15.wav,03-01-05-01-02-01-15.wav,/root/autodl-tmp/kfair/data/ravdess_eval_audio/03-01-05-01-02-01-15.wav
a16_s1_neutral_happy,16,1,neutral,happy,03-01-01-01-01-01-16.wav,/root/autodl-tmp/kfair/data/ravdess_eval_audio/03-01-01-01-01-01-16.wav,03-01-03-01-01-01-16.wav,/root/autodl-tmp/kfair/data/ravdess_eval_audio/03-01-03-01-01-01-16.wav
a16_s1_neutral_sad,16,1,neutral,sad,03-01-01-01-01-01-16.wav,/root/autodl-tmp/kfair/data/ravdess_eval_audio/03-01-01-01-01-01-16.wav,03-01-04-01-01-01-16.wav,/root/autodl-tmp/kfair/data/ravdess_eval_audio/03-01-04-01-01-01-16.wav
a16_s1_neutral_angry,16,1,neutral,angry,03-01-01-01-01-01-16.wav,/root/autodl-tmp/kfair/data/ravdess_eval_audio/03-01-01-01-01-01-16.wav,03-01-05-01-01-01-16.wav,/root/autodl-tmp/kfair/data/ravdess_eval_audio/03-01-05-01-01-01-16.wav
a16_s1_happy_sad,16,1,happy,sad,03-01-03-01-01-01-16.wav,/root/autodl-tmp/kfair/data/ravdess_eval_audio/03-01-03-01-01-01-16.wav,03-01-04-01-01-01-16.wav,/root/autodl-tmp/kfair/data/ravdess_eval_audio/03-01-04-01-01-01-16.wav
a16_s1_happy_angry,16,1,happy,angry,03-01-03-01-01-01-16.wav,/root/autodl-tmp/kfair/data/ravdess_eval_audio/03-01-03-01-01-01-16.wav,03-01-05-01-01-01-16.wav,/root/autodl-tmp/kfair/data/ravdess_eval_audio/03-01-05-01-01-01-16.wav
a16_s1_sad_angry,16,1,sad,angry,03-01-04-01-01-01-16.wav,/root/autodl-tmp/kfair/data/ravdess_eval_audio/03-01-04-01-01-01-16.wav,03-01-05-01-01-01-16.wav,/root/autodl-tmp/kfair/data/ravdess_eval_audio/03-01-05-01-01-01-16.wav
a16_s2_neutral_happy,16,2,neutral,happy,03-01-01-01-02-01-16.wav,/root/autodl-tmp/kfair/data/ravdess_eval_audio/03-01-01-01-02-01-16.wav,03-01-03-01-02-01-16.wav,/root/autodl-tmp/kfair/data/ravdess_eval_audio/03-01-03-01-02-01-16.wav
a16_s2_neutral_sad,16,2,neutral,sad,03-01-01-01-02-01-16.wav,/root/autodl-tmp/kfair/data/ravdess_eval_audio/03-01-01-01-02-01-16.wav,03-01-04-01-02-01-16.wav,/root/autodl-tmp/kfair/data/ravdess_eval_audio/03-01-04-01-02-01-16.wav
a16_s2_neutral_angry,16,2,neutral,angry,03-01-01-01-02-01-16.wav,/root/autodl-tmp/kfair/data/ravdess_eval_audio/03-01-01-01-02-01-16.wav,03-01-05-01-02-01-16.wav,/root/autodl-tmp/kfair/data/ravdess_eval_audio/03-01-05-01-02-01-16.wav
a16_s2_happy_sad,16,2,happy,sad,03-01-03-01-02-01-16.wav,/root/autodl-tmp/kfair/data/ravdess_eval_audio/03-01-03-01-02-01-16.wav,03-01-04-01-02-01-16.wav,/root/autodl-tmp/kfair/data/ravdess_eval_audio/03-01-04-01-02-01-16.wav
a16_s2_happy_angry,16,2,happy,angry,03-01-03-01-02-01-16.wav,/root/autodl-tmp/kfair/data/ravdess_eval_audio/03-01-03-01-02-01-16.wav,03-01-05-01-02-01-16.wav,/root/autodl-tmp/kfair/data/ravdess_eval_audio/03-01-05-01-02-01-16.wav
a16_s2_sad_angry,16,2,sad,angry,03-01-04-01-02-01-16.wav,/root/autodl-tmp/kfair/data/ravdess_eval_audio/03-01-04-01-02-01-16.wav,03-01-05-01-02-01-16.wav,/root/autodl-tmp/kfair/data/ravdess_eval_audio/03-01-05-01-02-01-16.wav
a17_s1_neutral_happy,17,1,neutral,happy,03-01-01-01-01-01-17.wav,/root/autodl-tmp/kfair/data/ravdess_eval_audio/03-01-01-01-01-01-17.wav,03-01-03-01-01-01-17.wav,/root/autodl-tmp/kfair/data/ravdess_eval_audio/03-01-03-01-01-01-17.wav
a17_s1_neutral_sad,17,1,neutral,sad,03-01-01-01-01-01-17.wav,/root/autodl-tmp/kfair/data/ravdess_eval_audio/03-01-01-01-01-01-17.wav,03-01-04-01-01-01-17.wav,/root/autodl-tmp/kfair/data/ravdess_eval_audio/03-01-04-01-01-01-17.wav
a17_s1_neutral_angry,17,1,neutral,angry,03-01-01-01-01-01-17.wav,/root/autodl-tmp/kfair/data/ravdess_eval_audio/03-01-01-01-01-01-17.wav,03-01-05-01-01-01-17.wav,/root/autodl-tmp/kfair/data/ravdess_eval_audio/03-01-05-01-01-01-17.wav
a17_s1_happy_sad,17,1,happy,sad,03-01-03-01-01-01-17.wav,/root/autodl-tmp/kfair/data/ravdess_eval_audio/03-01-03-01-01-01-17.wav,03-01-04-01-01-01-17.wav,/root/autodl-tmp/kfair/data/ravdess_eval_audio/03-01-04-01-01-01-17.wav
a17_s1_happy_angry,17,1,happy,angry,03-01-03-01-01-01-17.wav,/root/autodl-tmp/kfair/data/ravdess_eval_audio/03-01-03-01-01-01-17.wav,03-01-05-01-01-01-17.wav,/root/autodl-tmp/kfair/data/ravdess_eval_audio/03-01-05-01-01-01-17.wav
a17_s1_sad_angry,17,1,sad,angry,03-01-04-01-01-01-17.wav,/root/autodl-tmp/kfair/data/ravdess_eval_audio/03-01-04-01-01-01-17.wav,03-01-05-01-01-01-17.wav,/root/autodl-tmp/kfair/data/ravdess_eval_audio/03-01-05-01-01-01-17.wav
a17_s2_neutral_happy,17,2,neutral,happy,03-01-01-01-02-01-17.wav,/root/autodl-tmp/kfair/data/ravdess_eval_audio/03-01-01-01-02-01-17.wav,03-01-03-01-02-01-17.wav,/root/autodl-tmp/kfair/data/ravdess_eval_audio/03-01-03-01-02-01-17.wav
a17_s2_neutral_sad,17,2,neutral,sad,03-01-01-01-02-01-17.wav,/root/autodl-tmp/kfair/data/ravdess_eval_audio/03-01-01-01-02-01-17.wav,03-01-04-01-02-01-17.wav,/root/autodl-tmp/kfair/data/ravdess_eval_audio/03-01-04-01-02-01-17.wav
a17_s2_neutral_angry,17,2,neutral,angry,03-01-01-01-02-01-17.wav,/root/autodl-tmp/kfair/data/ravdess_eval_audio/03-01-01-01-02-01-17.wav,03-01-05-01-02-01-17.wav,/root/autodl-tmp/kfair/data/ravdess_eval_audio/03-01-05-01-02-01-17.wav
a17_s2_happy_sad,17,2,happy,sad,03-01-03-01-02-01-17.wav,/root/autodl-tmp/kfair/data/ravdess_eval_audio/03-01-03-01-02-01-17.wav,03-01-04-01-02-01-17.wav,/root/autodl-tmp/kfair/data/ravdess_eval_audio/03-01-04-01-02-01-17.wav
a17_s2_happy_angry,17,2,happy,angry,03-01-03-01-02-01-17.wav,/root/autodl-tmp/kfair/data/ravdess_eval_audio/03-01-03-01-02-01-17.wav,03-01-05-01-02-01-17.wav,/root/autodl-tmp/kfair/data/ravdess_eval_audio/03-01-05-01-02-01-17.wav
a17_s2_sad_angry,17,2,sad,angry,03-01-04-01-02-01-17.wav,/root/autodl-tmp/kfair/data/ravdess_eval_audio/03-01-04-01-02-01-17.wav,03-01-05-01-02-01-17.wav,/root/autodl-tmp/kfair/data/ravdess_eval_audio/03-01-05-01-02-01-17.wav
a18_s1_neutral_happy,18,1,neutral,happy,03-01-01-01-01-01-18.wav,/root/autodl-tmp/kfair/data/ravdess_eval_audio/03-01-01-01-01-01-18.wav,03-01-03-01-01-01-18.wav,/root/autodl-tmp/kfair/data/ravdess_eval_audio/03-01-03-01-01-01-18.wav
a18_s1_neutral_sad,18,1,neutral,sad,03-01-01-01-01-01-18.wav,/root/autodl-tmp/kfair/data/ravdess_eval_audio/03-01-01-01-01-01-18.wav,03-01-04-01-01-01-18.wav,/root/autodl-tmp/kfair/data/ravdess_eval_audio/03-01-04-01-01-01-18.wav
a18_s1_neutral_angry,18,1,neutral,angry,03-01-01-01-01-01-18.wav,/root/autodl-tmp/kfair/data/ravdess_eval_audio/03-01-01-01-01-01-18.wav,03-01-05-01-01-01-18.wav,/root/autodl-tmp/kfair/data/ravdess_eval_audio/03-01-05-01-01-01-18.wav
a18_s1_happy_sad,18,1,happy,sad,03-01-03-01-01-01-18.wav,/root/autodl-tmp/kfair/data/ravdess_eval_audio/03-01-03-01-01-01-18.wav,03-01-04-01-01-01-18.wav,/root/autodl-tmp/kfair/data/ravdess_eval_audio/03-01-04-01-01-01-18.wav
a18_s1_happy_angry,18,1,happy,angry,03-01-03-01-01-01-18.wav,/root/autodl-tmp/kfair/data/ravdess_eval_audio/03-01-03-01-01-01-18.wav,03-01-05-01-01-01-18.wav,/root/autodl-tmp/kfair/data/ravdess_eval_audio/03-01-05-01-01-01-18.wav
a18_s1_sad_angry,18,1,sad,angry,03-01-04-01-01-01-18.wav,/root/autodl-tmp/kfair/data/ravdess_eval_audio/03-01-04-01-01-01-18.wav,03-01-05-01-01-01-18.wav,/root/autodl-tmp/kfair/data/ravdess_eval_audio/03-01-05-01-01-01-18.wav
a18_s2_neutral_happy,18,2,neutral,happy,03-01-01-01-02-01-18.wav,/root/autodl-tmp/kfair/data/ravdess_eval_audio/03-01-01-01-02-01-18.wav,03-01-03-01-02-01-18.wav,/root/autodl-tmp/kfair/data/ravdess_eval_audio/03-01-03-01-02-01-18.wav
a18_s2_neutral_sad,18,2,neutral,sad,03-01-01-01-02-01-18.wav,/root/autodl-tmp/kfair/data/ravdess_eval_audio/03-01-01-01-02-01-18.wav,03-01-04-01-02-01-18.wav,/root/autodl-tmp/kfair/data/ravdess_eval_audio/03-01-04-01-02-01-18.wav
a18_s2_neutral_angry,18,2,neutral,angry,03-01-01-01-02-01-18.wav,/root/autodl-tmp/kfair/data/ravdess_eval_audio/03-01-01-01-02-01-18.wav,03-01-05-01-02-01-18.wav,/root/autodl-tmp/kfair/data/ravdess_eval_audio/03-01-05-01-02-01-18.wav
a18_s2_happy_sad,18,2,happy,sad,03-01-03-01-02-01-18.wav,/root/autodl-tmp/kfair/data/ravdess_eval_audio/03-01-03-01-02-01-18.wav,03-01-04-01-02-01-18.wav,/root/autodl-tmp/kfair/data/ravdess_eval_audio/03-01-04-01-02-01-18.wav
a18_s2_happy_angry,18,2,happy,angry,03-01-03-01-02-01-18.wav,/root/autodl-tmp/kfair/data/ravdess_eval_audio/03-01-03-01-02-01-18.wav,03-01-05-01-02-01-18.wav,/root/autodl-tmp/kfair/data/ravdess_eval_audio/03-01-05-01-02-01-18.wav
a18_s2_sad_angry,18,2,sad,angry,03-01-04-01-02-01-18.wav,/root/autodl-tmp/kfair/data/ravdess_eval_audio/03-01-04-01-02-01-18.wav,03-01-05-01-02-01-18.wav,/root/autodl-tmp/kfair/data/ravdess_eval_audio/03-01-05-01-02-01-18.wav
a19_s1_neutral_happy,19,1,neutral,happy,03-01-01-01-01-01-19.wav,/root/autodl-tmp/kfair/data/ravdess_eval_audio/03-01-01-01-01-01-19.wav,03-01-03-01-01-01-19.wav,/root/autodl-tmp/kfair/data/ravdess_eval_audio/03-01-03-01-01-01-19.wav
a19_s1_neutral_sad,19,1,neutral,sad,03-01-01-01-01-01-19.wav,/root/autodl-tmp/kfair/data/ravdess_eval_audio/03-01-01-01-01-01-19.wav,03-01-04-01-01-01-19.wav,/root/autodl-tmp/kfair/data/ravdess_eval_audio/03-01-04-01-01-01-19.wav
a19_s1_neutral_angry,19,1,neutral,angry,03-01-01-01-01-01-19.wav,/root/autodl-tmp/kfair/data/ravdess_eval_audio/03-01-01-01-01-01-19.wav,03-01-05-01-01-01-19.wav,/root/autodl-tmp/kfair/data/ravdess_eval_audio/03-01-05-01-01-01-19.wav
a19_s1_happy_sad,19,1,happy,sad,03-01-03-01-01-01-19.wav,/root/autodl-tmp/kfair/data/ravdess_eval_audio/03-01-03-01-01-01-19.wav,03-01-04-01-01-01-19.wav,/root/autodl-tmp/kfair/data/ravdess_eval_audio/03-01-04-01-01-01-19.wav
a19_s1_happy_angry,19,1,happy,angry,03-01-03-01-01-01-19.wav,/root/autodl-tmp/kfair/data/ravdess_eval_audio/03-01-03-01-01-01-19.wav,03-01-05-01-01-01-19.wav,/root/autodl-tmp/kfair/data/ravdess_eval_audio/03-01-05-01-01-01-19.wav
a19_s1_sad_angry,19,1,sad,angry,03-01-04-01-01-01-19.wav,/root/autodl-tmp/kfair/data/ravdess_eval_audio/03-01-04-01-01-01-19.wav,03-01-05-01-01-01-19.wav,/root/autodl-tmp/kfair/data/ravdess_eval_audio/03-01-05-01-01-01-19.wav
a19_s2_neutral_happy,19,2,neutral,happy,03-01-01-01-02-01-19.wav,/root/autodl-tmp/kfair/data/ravdess_eval_audio/03-01-01-01-02-01-19.wav,03-01-03-01-02-01-19.wav,/root/autodl-tmp/kfair/data/ravdess_eval_audio/03-01-03-01-02-01-19.wav
a19_s2_neutral_sad,19,2,neutral,sad,03-01-01-01-02-01-19.wav,/root/autodl-tmp/kfair/data/ravdess_eval_audio/03-01-01-01-02-01-19.wav,03-01-04-01-02-01-19.wav,/root/autodl-tmp/kfair/data/ravdess_eval_audio/03-01-04-01-02-01-19.wav
a19_s2_neutral_angry,19,2,neutral,angry,03-01-01-01-02-01-19.wav,/root/autodl-tmp/kfair/data/ravdess_eval_audio/03-01-01-01-02-01-19.wav,03-01-05-01-02-01-19.wav,/root/autodl-tmp/kfair/data/ravdess_eval_audio/03-01-05-01-02-01-19.wav
a19_s2_happy_sad,19,2,happy,sad,03-01-03-01-02-01-19.wav,/root/autodl-tmp/kfair/data/ravdess_eval_audio/03-01-03-01-02-01-19.wav,03-01-04-01-02-01-19.wav,/root/autodl-tmp/kfair/data/ravdess_eval_audio/03-01-04-01-02-01-19.wav
a19_s2_happy_angry,19,2,happy,angry,03-01-03-01-02-01-19.wav,/root/autodl-tmp/kfair/data/ravdess_eval_audio/03-01-03-01-02-01-19.wav,03-01-05-01-02-01-19.wav,/root/autodl-tmp/kfair/data/ravdess_eval_audio/03-01-05-01-02-01-19.wav
a19_s2_sad_angry,19,2,sad,angry,03-01-04-01-02-01-19.wav,/root/autodl-tmp/kfair/data/ravdess_eval_audio/03-01-04-01-02-01-19.wav,03-01-05-01-02-01-19.wav,/root/autodl-tmp/kfair/data/ravdess_eval_audio/03-01-05-01-02-01-19.wav
a20_s1_neutral_happy,20,1,neutral,happy,03-01-01-01-01-01-20.wav,/root/autodl-tmp/kfair/data/ravdess_eval_audio/03-01-01-01-01-01-20.wav,03-01-03-01-01-01-20.wav,/root/autodl-tmp/kfair/data/ravdess_eval_audio/03-01-03-01-01-01-20.wav
a20_s1_neutral_sad,20,1,neutral,sad,03-01-01-01-01-01-20.wav,/root/autodl-tmp/kfair/data/ravdess_eval_audio/03-01-01-01-01-01-20.wav,03-01-04-01-01-01-20.wav,/root/autodl-tmp/kfair/data/ravdess_eval_audio/03-01-04-01-01-01-20.wav
a20_s1_neutral_angry,20,1,neutral,angry,03-01-01-01-01-01-20.wav,/root/autodl-tmp/kfair/data/ravdess_eval_audio/03-01-01-01-01-01-20.wav,03-01-05-01-01-01-20.wav,/root/autodl-tmp/kfair/data/ravdess_eval_audio/03-01-05-01-01-01-20.wav
a20_s1_happy_sad,20,1,happy,sad,03-01-03-01-01-01-20.wav,/root/autodl-tmp/kfair/data/ravdess_eval_audio/03-01-03-01-01-01-20.wav,03-01-04-01-01-01-20.wav,/root/autodl-tmp/kfair/data/ravdess_eval_audio/03-01-04-01-01-01-20.wav
a20_s1_happy_angry,20,1,happy,angry,03-01-03-01-01-01-20.wav,/root/autodl-tmp/kfair/data/ravdess_eval_audio/03-01-03-01-01-01-20.wav,03-01-05-01-01-01-20.wav,/root/autodl-tmp/kfair/data/ravdess_eval_audio/03-01-05-01-01-01-20.wav
a20_s1_sad_angry,20,1,sad,angry,03-01-04-01-01-01-20.wav,/root/autodl-tmp/kfair/data/ravdess_eval_audio/03-01-04-01-01-01-20.wav,03-01-05-01-01-01-20.wav,/root/autodl-tmp/kfair/data/ravdess_eval_audio/03-01-05-01-01-01-20.wav
a20_s2_neutral_happy,20,2,neutral,happy,03-01-01-01-02-01-20.wav,/root/autodl-tmp/kfair/data/ravdess_eval_audio/03-01-01-01-02-01-20.wav,03-01-03-01-02-01-20.wav,/root/autodl-tmp/kfair/data/ravdess_eval_audio/03-01-03-01-02-01-20.wav
a20_s2_neutral_sad,20,2,neutral,sad,03-01-01-01-02-01-20.wav,/root/autodl-tmp/kfair/data/ravdess_eval_audio/03-01-01-01-02-01-20.wav,03-01-04-01-02-01-20.wav,/root/autodl-tmp/kfair/data/ravdess_eval_audio/03-01-04-01-02-01-20.wav
a20_s2_neutral_angry,20,2,neutral,angry,03-01-01-01-02-01-20.wav,/root/autodl-tmp/kfair/data/ravdess_eval_audio/03-01-01-01-02-01-20.wav,03-01-05-01-02-01-20.wav,/root/autodl-tmp/kfair/data/ravdess_eval_audio/03-01-05-01-02-01-20.wav
a20_s2_happy_sad,20,2,happy,sad,03-01-03-01-02-01-20.wav,/root/autodl-tmp/kfair/data/ravdess_eval_audio/03-01-03-01-02-01-20.wav,03-01-04-01-02-01-20.wav,/root/autodl-tmp/kfair/data/ravdess_eval_audio/03-01-04-01-02-01-20.wav
a20_s2_happy_angry,20,2,happy,angry,03-01-03-01-02-01-20.wav,/root/autodl-tmp/kfair/data/ravdess_eval_audio/03-01-03-01-02-01-20.wav,03-01-05-01-02-01-20.wav,/root/autodl-tmp/kfair/data/ravdess_eval_audio/03-01-05-01-02-01-20.wav
a20_s2_sad_angry,20,2,sad,angry,03-01-04-01-02-01-20.wav,/root/autodl-tmp/kfair/data/ravdess_eval_audio/03-01-04-01-02-01-20.wav,03-01-05-01-02-01-20.wav,/root/autodl-tmp/kfair/data/ravdess_eval_audio/03-01-05-01-02-01-20.wav
a21_s1_neutral_happy,21,1,neutral,happy,03-01-01-01-01-01-21.wav,/root/autodl-tmp/kfair/data/ravdess_eval_audio/03-01-01-01-01-01-21.wav,03-01-03-01-01-01-21.wav,/root/autodl-tmp/kfair/data/ravdess_eval_audio/03-01-03-01-01-01-21.wav
a21_s1_neutral_sad,21,1,neutral,sad,03-01-01-01-01-01-21.wav,/root/autodl-tmp/kfair/data/ravdess_eval_audio/03-01-01-01-01-01-21.wav,03-01-04-01-01-01-21.wav,/root/autodl-tmp/kfair/data/ravdess_eval_audio/03-01-04-01-01-01-21.wav
a21_s1_neutral_angry,21,1,neutral,angry,03-01-01-01-01-01-21.wav,/root/autodl-tmp/kfair/data/ravdess_eval_audio/03-01-01-01-01-01-21.wav,03-01-05-01-01-01-21.wav,/root/autodl-tmp/kfair/data/ravdess_eval_audio/03-01-05-01-01-01-21.wav
a21_s1_happy_sad,21,1,happy,sad,03-01-03-01-01-01-21.wav,/root/autodl-tmp/kfair/data/ravdess_eval_audio/03-01-03-01-01-01-21.wav,03-01-04-01-01-01-21.wav,/root/autodl-tmp/kfair/data/ravdess_eval_audio/03-01-04-01-01-01-21.wav
a21_s1_happy_angry,21,1,happy,angry,03-01-03-01-01-01-21.wav,/root/autodl-tmp/kfair/data/ravdess_eval_audio/03-01-03-01-01-01-21.wav,03-01-05-01-01-01-21.wav,/root/autodl-tmp/kfair/data/ravdess_eval_audio/03-01-05-01-01-01-21.wav
a21_s1_sad_angry,21,1,sad,angry,03-01-04-01-01-01-21.wav,/root/autodl-tmp/kfair/data/ravdess_eval_audio/03-01-04-01-01-01-21.wav,03-01-05-01-01-01-21.wav,/root/autodl-tmp/kfair/data/ravdess_eval_audio/03-01-05-01-01-01-21.wav
a21_s2_neutral_happy,21,2,neutral,happy,03-01-01-01-02-01-21.wav,/root/autodl-tmp/kfair/data/ravdess_eval_audio/03-01-01-01-02-01-21.wav,03-01-03-01-02-01-21.wav,/root/autodl-tmp/kfair/data/ravdess_eval_audio/03-01-03-01-02-01-21.wav
a21_s2_neutral_sad,21,2,neutral,sad,03-01-01-01-02-01-21.wav,/root/autodl-tmp/kfair/data/ravdess_eval_audio/03-01-01-01-02-01-21.wav,03-01-04-01-02-01-21.wav,/root/autodl-tmp/kfair/data/ravdess_eval_audio/03-01-04-01-02-01-21.wav
a21_s2_neutral_angry,21,2,neutral,angry,03-01-01-01-02-01-21.wav,/root/autodl-tmp/kfair/data/ravdess_eval_audio/03-01-01-01-02-01-21.wav,03-01-05-01-02-01-21.wav,/root/autodl-tmp/kfair/data/ravdess_eval_audio/03-01-05-01-02-01-21.wav
a21_s2_happy_sad,21,2,happy,sad,03-01-03-01-02-01-21.wav,/root/autodl-tmp/kfair/data/ravdess_eval_audio/03-01-03-01-02-01-21.wav,03-01-04-01-02-01-21.wav,/root/autodl-tmp/kfair/data/ravdess_eval_audio/03-01-04-01-02-01-21.wav
a21_s2_happy_angry,21,2,happy,angry,03-01-03-01-02-01-21.wav,/root/autodl-tmp/kfair/data/ravdess_eval_audio/03-01-03-01-02-01-21.wav,03-01-05-01-02-01-21.wav,/root/autodl-tmp/kfair/data/ravdess_eval_audio/03-01-05-01-02-01-21.wav
a21_s2_sad_angry,21,2,sad,angry,03-01-04-01-02-01-21.wav,/root/autodl-tmp/kfair/data/ravdess_eval_audio/03-01-04-01-02-01-21.wav,03-01-05-01-02-01-21.wav,/root/autodl-tmp/kfair/data/ravdess_eval_audio/03-01-05-01-02-01-21.wav
a22_s1_neutral_happy,22,1,neutral,happy,03-01-01-01-01-01-22.wav,/root/autodl-tmp/kfair/data/ravdess_eval_audio/03-01-01-01-01-01-22.wav,03-01-03-01-01-01-22.wav,/root/autodl-tmp/kfair/data/ravdess_eval_audio/03-01-03-01-01-01-22.wav
a22_s1_neutral_sad,22,1,neutral,sad,03-01-01-01-01-01-22.wav,/root/autodl-tmp/kfair/data/ravdess_eval_audio/03-01-01-01-01-01-22.wav,03-01-04-01-01-01-22.wav,/root/autodl-tmp/kfair/data/ravdess_eval_audio/03-01-04-01-01-01-22.wav
a22_s1_neutral_angry,22,1,neutral,angry,03-01-01-01-01-01-22.wav,/root/autodl-tmp/kfair/data/ravdess_eval_audio/03-01-01-01-01-01-22.wav,03-01-05-01-01-01-22.wav,/root/autodl-tmp/kfair/data/ravdess_eval_audio/03-01-05-01-01-01-22.wav
a22_s1_happy_sad,22,1,happy,sad,03-01-03-01-01-01-22.wav,/root/autodl-tmp/kfair/data/ravdess_eval_audio/03-01-03-01-01-01-22.wav,03-01-04-01-01-01-22.wav,/root/autodl-tmp/kfair/data/ravdess_eval_audio/03-01-04-01-01-01-22.wav
a22_s1_happy_angry,22,1,happy,angry,03-01-03-01-01-01-22.wav,/root/autodl-tmp/kfair/data/ravdess_eval_audio/03-01-03-01-01-01-22.wav,03-01-05-01-01-01-22.wav,/root/autodl-tmp/kfair/data/ravdess_eval_audio/03-01-05-01-01-01-22.wav
a22_s1_sad_angry,22,1,sad,angry,03-01-04-01-01-01-22.wav,/root/autodl-tmp/kfair/data/ravdess_eval_audio/03-01-04-01-01-01-22.wav,03-01-05-01-01-01-22.wav,/root/autodl-tmp/kfair/data/ravdess_eval_audio/03-01-05-01-01-01-22.wav
a22_s2_neutral_happy,22,2,neutral,happy,03-01-01-01-02-01-22.wav,/root/autodl-tmp/kfair/data/ravdess_eval_audio/03-01-01-01-02-01-22.wav,03-01-03-01-02-01-22.wav,/root/autodl-tmp/kfair/data/ravdess_eval_audio/03-01-03-01-02-01-22.wav
a22_s2_neutral_sad,22,2,neutral,sad,03-01-01-01-02-01-22.wav,/root/autodl-tmp/kfair/data/ravdess_eval_audio/03-01-01-01-02-01-22.wav,03-01-04-01-02-01-22.wav,/root/autodl-tmp/kfair/data/ravdess_eval_audio/03-01-04-01-02-01-22.wav
a22_s2_neutral_angry,22,2,neutral,angry,03-01-01-01-02-01-22.wav,/root/autodl-tmp/kfair/data/ravdess_eval_audio/03-01-01-01-02-01-22.wav,03-01-05-01-02-01-22.wav,/root/autodl-tmp/kfair/data/ravdess_eval_audio/03-01-05-01-02-01-22.wav
a22_s2_happy_sad,22,2,happy,sad,03-01-03-01-02-01-22.wav,/root/autodl-tmp/kfair/data/ravdess_eval_audio/03-01-03-01-02-01-22.wav,03-01-04-01-02-01-22.wav,/root/autodl-tmp/kfair/data/ravdess_eval_audio/03-01-04-01-02-01-22.wav
a22_s2_happy_angry,22,2,happy,angry,03-01-03-01-02-01-22.wav,/root/autodl-tmp/kfair/data/ravdess_eval_audio/03-01-03-01-02-01-22.wav,03-01-05-01-02-01-22.wav,/root/autodl-tmp/kfair/data/ravdess_eval_audio/03-01-05-01-02-01-22.wav
a22_s2_sad_angry,22,2,sad,angry,03-01-04-01-02-01-22.wav,/root/autodl-tmp/kfair/data/ravdess_eval_audio/03-01-04-01-02-01-22.wav,03-01-05-01-02-01-22.wav,/root/autodl-tmp/kfair/data/ravdess_eval_audio/03-01-05-01-02-01-22.wav
a23_s1_neutral_happy,23,1,neutral,happy,03-01-01-01-01-01-23.wav,/root/autodl-tmp/kfair/data/ravdess_eval_audio/03-01-01-01-01-01-23.wav,03-01-03-01-01-01-23.wav,/root/autodl-tmp/kfair/data/ravdess_eval_audio/03-01-03-01-01-01-23.wav
a23_s1_neutral_sad,23,1,neutral,sad,03-01-01-01-01-01-23.wav,/root/autodl-tmp/kfair/data/ravdess_eval_audio/03-01-01-01-01-01-23.wav,03-01-04-01-01-01-23.wav,/root/autodl-tmp/kfair/data/ravdess_eval_audio/03-01-04-01-01-01-23.wav
a23_s1_neutral_angry,23,1,neutral,angry,03-01-01-01-01-01-23.wav,/root/autodl-tmp/kfair/data/ravdess_eval_audio/03-01-01-01-01-01-23.wav,03-01-05-01-01-01-23.wav,/root/autodl-tmp/kfair/data/ravdess_eval_audio/03-01-05-01-01-01-23.wav
a23_s1_happy_sad,23,1,happy,sad,03-01-03-01-01-01-23.wav,/root/autodl-tmp/kfair/data/ravdess_eval_audio/03-01-03-01-01-01-23.wav,03-01-04-01-01-01-23.wav,/root/autodl-tmp/kfair/data/ravdess_eval_audio/03-01-04-01-01-01-23.wav
a23_s1_happy_angry,23,1,happy,angry,03-01-03-01-01-01-23.wav,/root/autodl-tmp/kfair/data/ravdess_eval_audio/03-01-03-01-01-01-23.wav,03-01-05-01-01-01-23.wav,/root/autodl-tmp/kfair/data/ravdess_eval_audio/03-01-05-01-01-01-23.wav
a23_s1_sad_angry,23,1,sad,angry,03-01-04-01-01-01-23.wav,/root/autodl-tmp/kfair/data/ravdess_eval_audio/03-01-04-01-01-01-23.wav,03-01-05-01-01-01-23.wav,/root/autodl-tmp/kfair/data/ravdess_eval_audio/03-01-05-01-01-01-23.wav
a23_s2_neutral_happy,23,2,neutral,happy,03-01-01-01-02-01-23.wav,/root/autodl-tmp/kfair/data/ravdess_eval_audio/03-01-01-01-02-01-23.wav,03-01-03-01-02-01-23.wav,/root/autodl-tmp/kfair/data/ravdess_eval_audio/03-01-03-01-02-01-23.wav
a23_s2_neutral_sad,23,2,neutral,sad,03-01-01-01-02-01-23.wav,/root/autodl-tmp/kfair/data/ravdess_eval_audio/03-01-01-01-02-01-23.wav,03-01-04-01-02-01-23.wav,/root/autodl-tmp/kfair/data/ravdess_eval_audio/03-01-04-01-02-01-23.wav
a23_s2_neutral_angry,23,2,neutral,angry,03-01-01-01-02-01-23.wav,/root/autodl-tmp/kfair/data/ravdess_eval_audio/03-01-01-01-02-01-23.wav,03-01-05-01-02-01-23.wav,/root/autodl-tmp/kfair/data/ravdess_eval_audio/03-01-05-01-02-01-23.wav
a23_s2_happy_sad,23,2,happy,sad,03-01-03-01-02-01-23.wav,/root/autodl-tmp/kfair/data/ravdess_eval_audio/03-01-03-01-02-01-23.wav,03-01-04-01-02-01-23.wav,/root/autodl-tmp/kfair/data/ravdess_eval_audio/03-01-04-01-02-01-23.wav
a23_s2_happy_angry,23,2,happy,angry,03-01-03-01-02-01-23.wav,/root/autodl-tmp/kfair/data/ravdess_eval_audio/03-01-03-01-02-01-23.wav,03-01-05-01-02-01-23.wav,/root/autodl-tmp/kfair/data/ravdess_eval_audio/03-01-05-01-02-01-23.wav
a23_s2_sad_angry,23,2,sad,angry,03-01-04-01-02-01-23.wav,/root/autodl-tmp/kfair/data/ravdess_eval_audio/03-01-04-01-02-01-23.wav,03-01-05-01-02-01-23.wav,/root/autodl-tmp/kfair/data/ravdess_eval_audio/03-01-05-01-02-01-23.wav
a24_s1_neutral_happy,24,1,neutral,happy,03-01-01-01-01-01-24.wav,/root/autodl-tmp/kfair/data/ravdess_eval_audio/03-01-01-01-01-01-24.wav,03-01-03-01-01-01-24.wav,/root/autodl-tmp/kfair/data/ravdess_eval_audio/03-01-03-01-01-01-24.wav
a24_s1_neutral_sad,24,1,neutral,sad,03-01-01-01-01-01-24.wav,/root/autodl-tmp/kfair/data/ravdess_eval_audio/03-01-01-01-01-01-24.wav,03-01-04-01-01-01-24.wav,/root/autodl-tmp/kfair/data/ravdess_eval_audio/03-01-04-01-01-01-24.wav
a24_s1_neutral_angry,24,1,neutral,angry,03-01-01-01-01-01-24.wav,/root/autodl-tmp/kfair/data/ravdess_eval_audio/03-01-01-01-01-01-24.wav,03-01-05-01-01-01-24.wav,/root/autodl-tmp/kfair/data/ravdess_eval_audio/03-01-05-01-01-01-24.wav
a24_s1_happy_sad,24,1,happy,sad,03-01-03-01-01-01-24.wav,/root/autodl-tmp/kfair/data/ravdess_eval_audio/03-01-03-01-01-01-24.wav,03-01-04-01-01-01-24.wav,/root/autodl-tmp/kfair/data/ravdess_eval_audio/03-01-04-01-01-01-24.wav
a24_s1_happy_angry,24,1,happy,angry,03-01-03-01-01-01-24.wav,/root/autodl-tmp/kfair/data/ravdess_eval_audio/03-01-03-01-01-01-24.wav,03-01-05-01-01-01-24.wav,/root/autodl-tmp/kfair/data/ravdess_eval_audio/03-01-05-01-01-01-24.wav
a24_s1_sad_angry,24,1,sad,angry,03-01-04-01-01-01-24.wav,/root/autodl-tmp/kfair/data/ravdess_eval_audio/03-01-04-01-01-01-24.wav,03-01-05-01-01-01-24.wav,/root/autodl-tmp/kfair/data/ravdess_eval_audio/03-01-05-01-01-01-24.wav
a24_s2_neutral_happy,24,2,neutral,happy,03-01-01-01-02-01-24.wav,/root/autodl-tmp/kfair/data/ravdess_eval_audio/03-01-01-01-02-01-24.wav,03-01-03-01-02-01-24.wav,/root/autodl-tmp/kfair/data/ravdess_eval_audio/03-01-03-01-02-01-24.wav
a24_s2_neutral_sad,24,2,neutral,sad,03-01-01-01-02-01-24.wav,/root/autodl-tmp/kfair/data/ravdess_eval_audio/03-01-01-01-02-01-24.wav,03-01-04-01-02-01-24.wav,/root/autodl-tmp/kfair/data/ravdess_eval_audio/03-01-04-01-02-01-24.wav
a24_s2_neutral_angry,24,2,neutral,angry,03-01-01-01-02-01-24.wav,/root/autodl-tmp/kfair/data/ravdess_eval_audio/03-01-01-01-02-01-24.wav,03-01-05-01-02-01-24.wav,/root/autodl-tmp/kfair/data/ravdess_eval_audio/03-01-05-01-02-01-24.wav
a24_s2_happy_sad,24,2,happy,sad,03-01-03-01-02-01-24.wav,/root/autodl-tmp/kfair/data/ravdess_eval_audio/03-01-03-01-02-01-24.wav,03-01-04-01-02-01-24.wav,/root/autodl-tmp/kfair/data/ravdess_eval_audio/03-01-04-01-02-01-24.wav
a24_s2_happy_angry,24,2,happy,angry,03-01-03-01-02-01-24.wav,/root/autodl-tmp/kfair/data/ravdess_eval_audio/03-01-03-01-02-01-24.wav,03-01-05-01-02-01-24.wav,/root/autodl-tmp/kfair/data/ravdess_eval_audio/03-01-05-01-02-01-24.wav
a24_s2_sad_angry,24,2,sad,angry,03-01-04-01-02-01-24.wav,/root/autodl-tmp/kfair/data/ravdess_eval_audio/03-01-04-01-02-01-24.wav,03-01-05-01-02-01-24.wav,/root/autodl-tmp/kfair/data/ravdess_eval_audio/03-01-05-01-02-01-24.wav
