pair_id,actor,statement,label_a,label_b,AA,AB,BA,BB,ME_C,ME_D,interaction
a01_s1_neutral_happy,1,1,neutral,happy,-4.374999895691872,-0.5625,-4.374999925494194,-1.375,3.406249910593033,-0.4062500149011612,-0.8124999701976776
a01_s1_neutral_sad,1,1,neutral,sad,-3.3749998956918716,1.2499998807907104,-3.6250001154839993,1.0,4.624999945983291,-0.25000005029141903,3.390014171600342e-07
a01_s1_neutral_angry,1,1,neutral,angry,-4.499999895691872,2.937500476837158,-4.624999776482582,0.75,6.406250074505806,-1.1562501788139343,-2.0625005960464478
a01_s1_happy_sad,1,1,happy,sad,3.25,0.625,5.25,0.375,-3.75,0.875,-2.25
a01_s1_happy_angry,1,1,happy,angry,1.25,2.500000476837158,0.6875,0.9375,0.7500002384185791,-1.062500238418579,-1.0000004768371582
a01_s1_sad_angry,1,1,sad,angry,1.7499998807907104,1.3125,1.375,-0.625,-1.2187499403953552,-1.1562499403953552,-1.5625001192092896
a01_s2_neutral_happy,1,2,neutral,happy,-3.7500000819563866,0.625,-3.7500000447034836,0.25,4.187500063329935,-0.1874999813735485,-0.375000037252903
a01_s2_neutral_sad,1,2,neutral,sad,-3.3750000819563866,-3.499999925494194,-3.6249999068677425,-3.625,-0.06249996833503246,-0.18749994970858097,0.12499975040555
a01_s2_neutral_angry,1,2,neutral,angry,-3.8750000819563866,0.6250002384185791,-4.374999865889549,1.000000238418579,4.937500212341547,-0.062499891966581345,0.8749997839331627
a01_s2_happy_sad,1,2,happy,sad,-0.125,-2.875,1.0,-1.875,-2.8125,1.0625,-0.125
a01_s2_happy_angry,1,2,happy,angry,-1.5,1.8125,-2.1250001192092896,1.750000238418579,3.5937501788139343,-0.3437499403953552,0.5625003576278687
a01_s2_sad_angry,1,2,sad,angry,0.75,-2.125,0.75,-2.625,-3.125,-0.25,-0.5
a02_s1_neutral_happy,2,1,neutral,happy,-2.374999910593033,-0.875,-2.250000089406967,-1.6249999403953552,1.0625000298023224,-0.3125000596046448,-0.8749997615814209
a02_s1_neutral_sad,2,1,neutral,sad,-2.749999910593033,2.875,-2.875000089406967,3.6875,6.09375,0.34374991059303284,0.9375001788139343
a02_s1_neutral_angry,2,1,neutral,angry,-5.124999910593033,6.000000238418579,-4.937500208616257,5.125,10.593750178813934,-0.3437502682209015,-1.0624999403953552
a02_s1_happy_sad,2,1,happy,sad,1.4999999403953552,-2.25,0.8749999403953552,-1.7499998807907104,-3.1874998807907104,-0.062499940395355225,1.1250001192092896
a02_s1_happy_angry,2,1,happy,angry,-0.75,5.062500238418579,-2.4999998807907104,3.5625,5.937500059604645,-1.6250000596046448,0.24999964237213135
a02_s1_sad_angry,2,1,sad,angry,2.749999910593033,3.125,2.9999999701976776,2.0,-0.3124999403953552,-0.4374999701976776,-1.3750000596046448
a02_s2_neutral_happy,2,2,neutral,happy,-4.125000074505806,-2.25,-4.12500012665987,-2.374999925494194,1.812500137835741,-0.062499988824129105,-0.12499987334012985
a02_s2_neutral_sad,2,2,neutral,sad,-3.000000074505806,0.625,-3.6249999031424522,0.625,3.937499988824129,-0.31249991431832314,0.6249998286366463
a02_s2_neutral_angry,2,2,neutral,angry,-6.125000074505806,2.625,-6.437499802559614,2.249999761581421,8.71874981932342,-0.34374998323619366,-0.06250051036477089
a02_s2_happy_sad,2,2,happy,sad,0.6249998807907104,-4.499999761581421,-0.24999988079071045,-4.374999940395355,-4.624999850988388,-0.3749999701976776,0.9999995827674866
a02_s2_happy_angry,2,2,happy,angry,-2.375000238418579,2.25,-2.4375,1.749999761581421,4.40625,-0.28125,-0.4375004768371582
a02_s2_sad_angry,2,2,sad,angry,3.375,0.75,3.249999761581421,0.9999997615814209,-2.4375,0.0624997615814209,0.375
a03_s1_neutral_happy,3,1,neutral,happy,-4.375000070780516,2.125,-4.250000096857548,2.687500238418579,6.718750203028321,0.3437501061707735,0.4375002644956112
a03_s1_neutral_sad,3,1,neutral,sad,-3.5000000707805157,2.5,-3.500000026077032,2.125,5.812500048428774,-0.1874999776482582,-0.3750000447034836
a03_s1_neutral_angry,3,1,neutral,angry,-4.500000070780516,4.875000094994903,-4.875000011175871,6.1249998258426785,10.187500001396984,0.43749989522621036,1.6249996712431312
a03_s1_happy_sad,3,1,happy,sad,2.999999910593033,-2.5,4.624999895691872,-1.625,-5.874999903142452,1.2499999925494194,-0.7499999850988388
a03_s1_happy_angry,3,1,happy,angry,2.2499998807907104,5.624999972060323,3.0,6.1249998258426785,3.2499999585561454,0.6249999864958227,-0.25000026542693377
a03_s1_sad_angry,3,1,sad,angry,6.375000125728548,4.6250001564621925,6.249999936670065,5.4999998258426785,-1.2500000400468707,0.3749997401610017,0.9999998584389687
a03_s2_neutral_happy,3,2,neutral,happy,-4.250000238418579,5.8125001192092896,-4.250000059604645,6.062500074505806,10.18750024586916,0.12500006705522537,0.2499997764825821
a03_s2_neutral_sad,3,2,neutral,sad,-3.375,3.25,-3.375000111758709,3.875,6.9375000558793545,0.3124999441206455,0.625000111758709
a03_s2_neutral_angry,3,2,neutral,angry,-4.000000238418579,2.125,-3.625000089406967,2.0625,5.906250163912773,0.15625007450580597,-0.43750014901161194
a03_s2_happy_sad,3,2,happy,sad,-2.375000074505806,0.875,-2.124999925494194,0.125,2.75,-0.24999992549419403,-1.000000149011612
a03_s2_happy_angry,3,2,happy,angry,-3.375000074505806,1.749999761581421,-2.749999925494194,2.125,4.9999998807907104,0.5000001937150955,-0.24999991059303284
a03_s2_sad_angry,3,2,sad,angry,2.625,4.125,1.8749999701976776,3.1875,1.4062500149011612,-0.8437500149011612,-0.1874999701976776
a04_s1_neutral_happy,4,1,neutral,happy,-2.1249998956918716,2.5,-2.0000001192092896,1.375,4.000000007450581,-0.500000111758709,-1.249999776482582
a04_s1_neutral_sad,4,1,neutral,sad,-2.4999998956918716,0.0,-2.6249999701976776,0.0,2.5624999329447746,-0.06250003725290298,0.12500007450580597
a04_s1_neutral_angry,4,1,neutral,angry,-4.500000134110451,7.000000357627869,-4.375000149011612,6.687499761581421,11.281250201165676,-0.09375030547380447,-0.43750058114528656
a04_s1_happy_sad,4,1,happy,sad,0.125,0.5,0.0,1.6249998807907104,0.9999999403953552,0.4999999403953552,1.2499998807907104
a04_s1_happy_angry,4,1,happy,angry,-1.625,6.062499523162842,-1.3750000596046448,6.062499761581421,7.562499672174454,0.12500008940696716,-0.24999970197677612
a04_s1_sad_angry,4,1,sad,angry,-1.2499998807907104,3.6875,-1.2500001192092896,4.499999761581421,5.3437498807907104,0.4062497615814209,0.8125
a04_s2_neutral_happy,4,2,neutral,happy,-2.5000000596046448,2.375,-2.1249999403953552,3.4375,5.21875,0.7187500596046448,0.6874998807907104
a04_s2_neutral_sad,4,2,neutral,sad,-2.7500000596046448,3.6249998807907104,-2.25,5.1875,6.906249970197678,1.0312500894069672,1.0625000596046448
a04_s2_neutral_angry,4,2,neutral,angry,-3.8749998211860657,4.5,-3.875000014901161,4.562500476837158,8.406250156462193,0.03125014156103134,0.06250067055225372
a04_s2_happy_sad,4,2,happy,sad,1.6250000298023224,3.7499999701976776,2.5000000596046448,4.0,1.8124999403953552,0.5625000298023224,-0.625
a04_s2_happy_angry,4,2,happy,angry,0.625,3.6875,1.0,3.812500476837158,2.937500238418579,0.2500002384185791,-0.2499995231628418
a04_s2_sad_angry,4,2,sad,angry,-1.5,1.5,-0.7500000596046448,1.5625,2.6562500298023224,0.4062499701976776,-0.6874999403953552
a05_s1_neutral_happy,5,1,neutral,happy,-5.124999985098839,3.3124998807907104,-5.6250001937150955,3.874999761581421,8.968749910593033,0.031249836087226868,1.0625000894069672
a05_s1_neutral_sad,5,1,neutral,sad,-3.624999985098839,-1.375,-3.6249998845160007,-1.75,2.0624999348074198,-0.18749994970858097,-0.37500010058283806
a05_s1_neutral_angry,5,1,neutral,angry,-4.624999985098839,2.6875,-4.874999888241291,2.6875,7.437499936670065,-0.12499995157122612,0.24999990314245224
a05_s1_happy_sad,5,1,happy,sad,0.875,-4.375,0.25,-3.8750001192092896,-4.687500059604645,-0.06250005960464478,1.1249998807907104
a05_s1_happy_angry,5,1,happy,angry,0.875,0.125,0.875,1.25,-0.1875,0.5625,1.125
a05_s1_sad_angry,5,1,sad,angry,5.375000089406967,0.375,4.999999940395355,0.375,-4.812500014901161,-0.18750007450580597,0.37500014901161194
a05_s2_neutral_happy,5,2,neutral,happy,-4.624999765306711,1.0,-4.874999959021807,0.5,5.499999862164259,-0.37500009685754776,-0.24999980628490448
a05_s2_neutral_sad,5,2,neutral,sad,-3.2500000037252903,-0.7500001192092896,-3.3750001080334187,-1.1249999403953552,2.375000026077032,-0.24999996274709702,-0.24999971687793732
a05_s2_neutral_angry,5,2,neutral,angry,-4.624999765306711,-0.125,-4.500000085681677,1.5,5.249999925494194,0.8749998398125172,1.5000003203749657
a05_s2_happy_sad,5,2,happy,sad,0.875,0.625,0.625,0.0,-0.4375,-0.4375,-0.375
a05_s2_happy_angry,5,2,happy,angry,3.2499999403953552,2.125,3.6249998956918716,2.125,-1.3124999180436134,0.1874999776482582,-0.3749999552965164
a05_s2_sad_angry,5,2,sad,angry,1.0,0.875,2.6250000298023224,2.5,-0.1250000149011612,1.6250000149011612,-2.9802322387695312e-08
a06_s1_neutral_happy,6,1,neutral,happy,-5.6250001303851604,1.3125,-4.500000111758709,2.749999761581421,7.093750001862645,1.2812498901039362,0.3124997429549694
a06_s1_neutral_sad,6,1,neutral,sad,-3.8749998919665813,1.875,-4.25000012293458,1.5,5.750000007450581,-0.37500011548399925,2.3096799850463867e-07
a06_s1_neutral_angry,6,1,neutral,angry,-5.6875001303851604,4.812499523162842,-5.0,3.0,9.249999826774001,-0.5624996963888407,-2.4999996535480022
a06_s1_happy_sad,6,1,happy,sad,1.375,-0.8750000596046448,1.2500000298023224,-1.2500001192092896,-2.3750001043081284,-0.2500000149011612,-0.25000008940696716
a06_s1_happy_angry,6,1,happy,angry,-1.5,3.312499523162842,-1.6875,2.3125,4.406249761581421,-0.5937497615814209,-0.8124995231628418
a06_s1_sad_angry,6,1,sad,angry,1.5000001192092896,1.0,0.875,1.0,-0.18750005960464478,-0.3125000596046448,0.6250001192092896
a06_s2_neutral_happy,6,2,neutral,happy,-5.2500001303851604,-4.125000134110451,-5.374999959021807,-4.562499821186066,0.9687500670552254,-0.2812497578561306,-0.31249985843896866
a06_s2_neutral_sad,6,2,neutral,sad,-4.0000001303851604,-0.875,-4.124999783933163,-1.0,3.1249999571591616,-0.12499982677400112,-3.46451997756958e-07
a06_s2_neutral_angry,6,2,neutral,angry,-5.0000001303851604,4.499999523162842,-5.687500027939677,5.75,10.46874984074384,0.2812502896413207,1.937500374391675
a06_s2_happy_sad,6,2,happy,sad,4.437499821186066,1.625,1.875,1.4999998807907104,-1.5937499701976776,-1.3437499701976776,2.437499701976776
a06_s2_happy_angry,6,2,happy,angry,1.687499761581421,3.0625,0.2499997615814209,4.1875,2.656250238418579,-0.15625,2.5625
a06_s2_sad_angry,6,2,sad,angry,-1.3749998807907104,0.0,-1.125,1.75,2.1249999403953552,0.9999999403953552,1.5000001192092896
a07_s1_neutral_happy,7,1,neutral,happy,4.250000108033419,-0.875,4.500000044703484,-1.8750001192092896,-5.750000135973096,-0.3750000912696123,-1.2500000558793545
a07_s1_neutral_sad,7,1,neutral,sad,0.75,1.25,0.25,1.0,0.625,-0.375,0.25
a07_s1_neutral_angry,7,1,neutral,angry,0.25,3.1875,-0.375,3.375,3.34375,-0.21875,0.8125
a07_s1_happy_sad,7,1,happy,sad,2.5000001192092896,0.0,2.8749998807907104,-1.25,-3.3125,-0.43750011920928955,-1.624999761581421
a07_s1_happy_angry,7,1,happy,angry,2.2500001192092896,4.4375001192092896,2.25,4.5625,2.25,0.06249988079071045,0.125
a07_s1_sad_angry,7,1,sad,angry,2.125,3.875000238418579,1.3749999403953552,3.375,1.875000149011612,-0.6250001490116119,0.24999982118606567
a07_s2_neutral_happy,7,2,neutral,happy,4.999999977648258,0.0,4.375000029802322,0.1250002384185791,-4.624999884516001,-0.24999985471367836,0.7500001862645149
a07_s2_neutral_sad,7,2,neutral,sad,1.625,0.625,2.0,0.0,-1.5,-0.125,-1.0
a07_s2_neutral_angry,7,2,neutral,angry,1.5,4.125000238418579,2.625000238418579,3.5,1.75,0.25,-1.7500004768371582
a07_s2_happy_sad,7,2,happy,sad,3.8124998956918716,0.9999998807907104,4.187500044703484,0.375,-3.3125000298023224,-0.12499986588954926,-1.0000000298023224
a07_s2_happy_angry,7,2,happy,angry,1.3125,3.5625,1.6875,3.0,1.78125,-0.09375,-0.9375
a07_s2_sad_angry,7,2,sad,angry,0.25,5.187500238418579,0.25,3.5,4.0937501192092896,-0.8437501192092896,-1.687500238418579
a08_s1_neutral_happy,8,1,neutral,happy,-4.374999783933163,0.875,-4.49999987334013,0.25,4.999999828636646,-0.3750000447034836,-0.49999991059303284
a08_s1_neutral_sad,8,1,neutral,sad,-2.250000022351742,3.9375,-2.2499998956918716,3.8125001192092896,6.1250000186264515,-0.06249987706542015,-0.1250000074505806
a08_s1_neutral_angry,8,1,neutral,angry,-4.499999783933163,1.0,-5.249999795109034,2.5625,6.656249789521098,0.40624999441206455,2.312500011175871
a08_s1_happy_sad,8,1,happy,sad,2.999999985098839,0.875,3.3749998956918716,1.1250001192092896,-2.1874998807907104,0.3125000149011612,-0.12499979138374329
a08_s1_happy_angry,8,1,happy,angry,0.375,2.000000238418579,0.875,2.25,1.5000001192092896,0.37499988079071045,-0.2500002384185791
a08_s1_sad_angry,8,1,sad,angry,1.5,-1.874999761581421,2.3750000298023224,-1.125000238418579,-3.437500014901161,0.8124997764825821,-0.1250005066394806
a08_s2_neutral_happy,8,2,neutral,happy,-3.2500001043081284,-2.2500000596046448,-3.625,-1.6250000894069672,1.4999999776482582,0.12500003725290298,0.9999998658895493
a08_s2_neutral_sad,8,2,neutral,sad,-2.7500001043081284,1.125,-3.3750000968575478,2.25,4.750000100582838,0.2500000037252903,1.7499999925494194
a08_s2_neutral_angry,8,2,neutral,angry,-4.125000104308128,2.749999761581421,-4.374999813735485,3.312500238418579,7.281249959021807,0.15625038370490074,0.8125001862645149
a08_s2_happy_sad,8,2,happy,sad,0.25000011920928955,-3.875,0.0,-2.1250001192092896,-3.1250001192092896,0.7499998807907104,2.0
a08_s2_happy_angry,8,2,happy,angry,-1.375,4.6875001192092896,-0.875,5.375000238418579,6.156250178813934,0.5937500596046448,0.18750011920928955
a08_s2_sad_angry,8,2,sad,angry,3.7500001192092896,1.375,4.250000238418579,1.25,-2.6875001788139343,0.18750005960464478,-0.6250001192092896
a09_s1_neutral_happy,9,1,neutral,happy,-0.125,2.374999888241291,1.375,1.3749999552965164,1.2499999217689037,0.2500000335276127,-2.4999999329447746
a09_s1_neutral_sad,9,1,neutral,sad,-1.125,3.0,-1.125,2.625,3.9375,-0.1875,-0.375
a09_s1_neutral_angry,9,1,neutral,angry,1.6249999403953552,7.499999891966581,2.624999910593033,5.625000044703484,4.437500042840838,-0.4374999385327101,-2.8749998174607754
a09_s1_happy_sad,9,1,happy,sad,-5.625000074505806,-0.25,-6.437499813735485,-1.625,5.0937499441206455,-1.0937498696148396,-0.5625002607703209
a09_s1_happy_angry,9,1,happy,angry,-4.812500074505806,5.250000035390258,-4.625,4.375000044703484,9.531250077299774,-0.34374995809048414,-1.0625000651925802
a09_s1_sad_angry,9,1,sad,angry,4.625000026077032,3.499999973922968,3.9999998062849045,3.3750000447034836,-0.8749999068677425,-0.37500007450580597,0.5000002905726433
a09_s2_neutral_happy,9,2,neutral,happy,1.375,-2.249999761581421,0.875,-1.874999761581421,-3.187499761581421,-0.0625,0.875
a09_s2_neutral_sad,9,2,neutral,sad,-1.499999761581421,3.375,-0.625,4.750000476837158,5.1250001192092896,1.1250001192092896,0.5000007152557373
a09_s2_neutral_angry,9,2,neutral,angry,2.625,-0.125,1.1249999403953552,2.000000238418579,-0.9374998509883881,0.31250008940696716,3.625000298023224
a09_s2_happy_sad,9,2,happy,sad,3.374999761581421,-0.375,3.6874998807907104,1.25,-3.0937498211860657,0.9687500596046448,1.3124998807907104
a09_s2_happy_angry,9,2,happy,angry,3.6249998211860657,0.5,3.1874999403953552,2.625000238418579,-1.843749761581421,0.8437501788139343,2.5625001192092896
a09_s2_sad_angry,9,2,sad,angry,4.249999988824129,0.125,4.999999895691872,0.6250002384185791,-4.249999823048711,0.6250000726431608,-0.24999966844916344
a10_s1_neutral_happy,10,1,neutral,happy,-4.7500001192092896,1.500000238418579,-4.375000089406967,0.9375,5.781250223517418,-0.09375010430812836,-0.9375002682209015
a10_s1_neutral_sad,10,1,neutral,sad,-1.25,3.75,-1.125,3.625,4.875,0.0,-0.25
a10_s1_neutral_angry,10,1,neutral,angry,-3.8750001192092896,0.0,-3.1250000596046448,1.5,4.250000089406967,1.1250000298023224,0.7499999403953552
a10_s1_happy_sad,10,1,happy,sad,3.499999910593033,2.0,3.125,2.25,-1.1874999552965164,-0.06249995529651642,0.6249999105930328
a10_s1_happy_angry,10,1,happy,angry,1.8749998807907104,2.9375001192092896,1.625,3.250000238418579,1.343750238418579,0.03125011920928955,0.5625
a10_s1_sad_angry,10,1,sad,angry,2.999999914318323,-2.249999925494194,2.5,-1.1249999403953552,-4.437499890103936,0.31250003539025784,1.624999899417162
a10_s2_neutral_happy,10,2,neutral,happy,-2.0,2.75,-2.5,3.500000238418579,5.3750001192092896,0.12500011920928955,1.250000238418579
a10_s2_neutral_sad,10,2,neutral,sad,0.625,1.375,0.125,2.3749998807907104,1.4999999403953552,0.24999994039535522,1.4999998807907104
a10_s2_neutral_angry,10,2,neutral,angry,-0.625,-0.625,-0.75,0.125,0.4375,0.3125,0.875
a10_s2_happy_sad,10,2,happy,sad,-0.375,1.3750001192092896,-0.75,1.3749998807907104,1.9375,-0.18750011920928955,0.3749997615814209
a10_s2_happy_angry,10,2,happy,angry,-0.375,0.5,0.24999994039535522,1.9999998807907104,1.3124999701976776,1.0624999105930328,0.8749999403953552
a10_s2_sad_angry,10,2,sad,angry,0.75,-0.375,0.875,-0.375,-1.1875,0.0625,-0.125
a11_s1_neutral_happy,11,1,neutral,happy,-2.1250001192092896,-2.1875,-1.9999998807907104,-1.75,0.09375,0.28125011920928955,0.3124997615814209
a11_s1_neutral_sad,11,1,neutral,sad,-1.25,3.250000238418579,-1.2499998807907104,2.75,4.250000059604645,-0.2500000596046448,-0.5000003576278687
a11_s1_neutral_angry,11,1,neutral,angry,-1.375,3.000000476837158,0.0,2.999999523162842,3.6875,0.6874995231628418,-1.3750009536743164
a11_s1_happy_sad,11,1,happy,sad,3.4999999701976776,1.875,3.6249999403953552,2.5,-1.3749999552965164,0.3749999850988388,0.5000000298023224
a11_s1_happy_angry,11,1,happy,angry,2.0,2.625,2.125,3.124999523162842,0.8124997615814209,0.3124997615814209,0.3749995231628418
a11_s1_sad_angry,11,1,sad,angry,2.874999910593033,-1.0,3.250000026077032,-0.3125,-3.7187499683350325,0.5312500577419996,0.31249988451600075
a11_s2_neutral_happy,11,2,neutral,happy,-3.874999985098839,-3.125000089406967,-3.2500001043081284,-3.2499999701976776,0.3750000149011612,0.25,-0.7499997615814209
a11_s2_neutral_sad,11,2,neutral,sad,-2.624999985098839,3.75,-2.750000074505806,3.25,6.187500029802322,-0.3125000447034836,-0.37499991059303284
a11_s2_neutral_angry,11,2,neutral,angry,-3.499999985098839,1.0,-3.2500000298023224,2.625000476837158,5.18750024586916,0.9375002160668373,1.3750005215406418
a11_s2_happy_sad,11,2,happy,sad,2.0,-0.5,1.3749998807907104,-1.25,-2.5624999403953552,-0.6875000596046448,-0.12499988079071045
a11_s2_happy_angry,11,2,happy,angry,0.375,3.625,0.25,4.062500476837158,3.531250238418579,0.1562502384185791,0.5625004768371582
a11_s2_sad_angry,11,2,sad,angry,3.6250000968575478,0.125,4.7500000558793545,1.125,-3.562500076368451,1.0624999795109034,-0.12499995902180672
a12_s1_neutral_happy,12,1,neutral,happy,-4.687500104308128,-0.7499998807907104,-4.874999821186066,-1.0,3.906250022351742,-0.21874991804361343,-0.06250040233135223
a12_s1_neutral_sad,12,1,neutral,sad,-2.6250001043081284,3.8125,-2.8750001192092896,3.937499761581421,6.624999992549419,-0.06250012665987015,0.3749997764825821
a12_s1_neutral_angry,12,1,neutral,angry,-4.125000104308128,1.0,-4.124999970197678,3.250000238418579,6.2500001564621925,1.125000186264515,2.2500001043081284
a12_s1_happy_sad,12,1,happy,sad,3.3749998956918716,2.75,2.4999999701976776,2.999999761581421,-0.06250005215406418,-0.31250008195638657,1.124999687075615
a12_s1_happy_angry,12,1,happy,angry,0.625,3.3125,-0.25,3.437500238418579,3.1875001192092896,-0.37499988079071045,1.000000238418579
a12_s1_sad_angry,12,1,sad,angry,2.500000037252903,0.25,3.8749999962747097,-0.125,-3.1250000167638063,0.49999997951090336,-1.7499999590218067
a12_s2_neutral_happy,12,2,neutral,happy,-3.6249999441206455,0.375,-3.7500000298023224,0.8749999403953552,4.312499957159162,0.18749992735683918,0.6250000260770321
a12_s2_neutral_sad,12,2,neutral,sad,-3.7499999441206455,1.75,-3.125000022351742,1.5,5.062499983236194,0.18749996088445187,-0.8749999217689037
a12_s2_neutral_angry,12,2,neutral,angry,-4.4999999441206455,2.3750001192092896,-4.124999836087227,1.7499998807907104,6.374999890103936,-0.12500006519258022,-1.0000003464519978
a12_s2_happy_sad,12,2,happy,sad,0.125,0.75,1.2499999403953552,-0.75,-0.6874999701976776,-0.1875000298023224,-2.6249999403953552
a12_s2_happy_angry,12,2,happy,angry,-2.1249999403953552,4.8125,-0.375,4.7499998807907104,6.031249910593033,0.8437499105930328,-1.8125000596046448
a12_s2_sad_angry,12,2,sad,angry,4.249999940395355,-0.6249999403953552,2.125000074505806,-0.5,-3.749999977648258,-0.999999962747097,2.2499998062849045
a13_s1_neutral_happy,13,1,neutral,happy,-4.500000163912773,-3.9999997913837433,-3.6250000298023224,-4.749999836087227,-0.3124997168779373,0.06250004470348358,-1.6250001788139343
a13_s1_neutral_sad,13,1,neutral,sad,-2.374999925494194,2.375,-3.125000052154064,1.749999761581421,4.8124998696148396,-0.6875001825392246,0.12499988824129105
a13_s1_neutral_angry,13,1,neutral,angry,-4.250000163912773,0.25,-3.499999925494194,0.5,4.250000044703484,0.5000001192092896,-0.5000002384185791
a13_s1_happy_sad,13,1,happy,sad,1.749999761581421,1.624999761581421,1.374999761581421,2.124999761581421,0.3125,0.0625,0.875
a13_s1_happy_angry,13,1,happy,angry,0.25,1.5625,-0.25,1.9375,1.75,-0.0625,0.875
a13_s1_sad_angry,13,1,sad,angry,2.5,-0.375,1.8749998807907104,0.75,-1.9999999403953552,0.24999994039535522,1.7500001192092896
a13_s2_neutral_happy,13,2,neutral,happy,-3.8750001192092896,-2.6250001043081284,-3.125000074505806,-2.5000001192092896,0.9374999850988388,0.4375000149011612,-0.6250000596046448
a13_s2_neutral_sad,13,2,neutral,sad,-2.6250001192092896,-1.8749999552965164,-2.6249999403953552,-2.0000001043081284,0.6875,-0.062499985098838806,-0.12500032782554626
a13_s2_neutral_angry,13,2,neutral,angry,-4.0000001192092896,1.625,-3.125000074505806,2.0625,5.406250096857548,0.6562500223517418,-0.4375000447034836
a13_s2_happy_sad,13,2,happy,sad,0.375,1.75,0.25,1.625,1.375,-0.125,0.0
a13_s2_happy_angry,13,2,happy,angry,-0.625,3.1875,-0.375,2.6875,3.4375,-0.125,-0.75
a13_s2_sad_angry,13,2,sad,angry,-0.75,1.624999761581421,-1.0,0.875,2.1249998807907104,-0.49999988079071045,-0.4999997615814209
a14_s1_neutral_happy,14,1,neutral,happy,-3.7500000670552254,3.499999761581421,-3.875000037252903,3.6875,7.406249932944775,0.031250134110450745,0.3125002086162567
a14_s1_neutral_sad,14,1,neutral,sad,-3.2500000670552254,4.624999850988388,-2.749999888241291,4.500000178813934,7.562499992549419,0.1875002533197403,-0.6249998509883881
a14_s1_neutral_angry,14,1,neutral,angry,-4.874999828636646,4.187500238418579,-4.625000201165676,4.4375,9.06250013411045,0.24999969452619553,1.341104507446289e-07
a14_s1_happy_sad,14,1,happy,sad,1.8750000298023224,5.000000178813934,1.8750001192092896,4.375000178813934,2.8125001043081284,-0.3124999552965164,-0.6250000894069672
a14_s1_happy_angry,14,1,happy,angry,-1.25,5.374999523162842,-1.8750001192092896,4.6875,6.593749821186066,-0.6562498211860657,-0.062499403953552246
a14_s1_sad_angry,14,1,sad,angry,-0.9999999403953552,1.875,-1.7499999701976776,1.875,3.2499999552965164,-0.3750000149011612,0.7500000298023224
a14_s2_neutral_happy,14,2,neutral,happy,-2.624999962747097,0.9375,-1.999999925494194,0.375,2.9687499441206455,0.03125001862645149,-1.187500037252903
a14_s2_neutral_sad,14,2,neutral,sad,-3.249999962747097,2.25,-3.124999985098839,4.6875,6.656249973922968,1.281249988824129,2.312500022351742
a14_s2_neutral_angry,14,2,neutral,angry,-4.874999962747097,3.1875,-4.687499821186066,3.3125,8.031249891966581,0.15625007078051567,-0.06250014156103134
a14_s2_happy_sad,14,2,happy,sad,5.375,0.25,5.3749998807907104,1.125,-4.687499940395355,0.4374999403953552,0.8750001192092896
a14_s2_happy_angry,14,2,happy,angry,2.1875,4.25,1.3125,2.9375,1.84375,-1.09375,-0.4375
a14_s2_sad_angry,14,2,sad,angry,2.124999910593033,2.499999523162842,0.875,1.6875,0.5937498062849045,-1.0312497168779373,0.43750038743019104
a15_s1_neutral_happy,15,1,neutral,happy,-5.7499998696148396,-1.437499761581421,-5.687499828636646,-1.562500238418579,4.218749849125743,-0.03125021792948246,-0.1875005178153515
a15_s1_neutral_sad,15,1,neutral,sad,-3.7500001080334187,3.625,-3.3750000558793545,3.5000000596046448,7.125000111758709,0.12500005587935448,-0.4999999925494194
a15_s1_neutral_angry,15,1,neutral,angry,-5.1249998696148396,3.25,-4.937499791383743,3.0,8.156249830499291,-0.031249960884451866,-0.43750007823109627
a15_s1_happy_sad,15,1,happy,sad,4.062500178813934,4.9374998807907104,2.8749999403953552,4.687500059604645,1.3437499105930328,-0.7187500298023224,0.9375004172325134
a15_s1_happy_angry,15,1,happy,angry,1.937500238418579,3.5,2.5,3.6875,1.3749998807907104,0.37499988079071045,-0.3749997615814209
a15_s1_sad_angry,15,1,sad,angry,0.375,1.375,1.0000000298023224,0.25,0.1249999850988388,-0.2499999850988388,-1.7500000298023224
a15_s2_neutral_happy,15,2,neutral,happy,-5.624999772757292,-3.0625000596046448,-5.43750000372529,-4.062500178813934,1.9687497690320015,-0.406250175088644,-1.187499888241291
a15_s2_neutral_sad,15,2,neutral,sad,-3.250000011175871,0.8749999701976776,-3.3750001154839993,-0.125,3.687500048428774,-0.562500037252903,-0.8749998658895493
a15_s2_neutral_angry,15,2,neutral,angry,-4.874999772757292,0.25,-4.500000134110451,0.6250004768371582,5.12500019185245,0.3750000577419996,8.381903171539307e-07
a15_s2_happy_sad,15,2,happy,sad,3.562500238418579,3.5000001788139343,3.250000238418579,3.4375001192092896,0.06249991059303284,-0.1875000298023224,0.24999994039535522
a15_s2_happy_angry,15,2,happy,angry,2.812500238418579,1.4375,1.125,1.3750004768371582,-0.5624998807907104,-0.8749998807907104,1.6250007152557373
a15_s2_sad_angry,15,2,sad,angry,-1.3750001192092896,1.375,-1.25,0.4375004768371582,2.218750298023224,-0.4062497019767761,-1.0624996423721313
a16_s1_neutral_happy,16,1,neutral,happy,-4.250000171363354,-0.2500002384185791,-4.625000186264515,-0.75,3.9375000596046448,-0.43749988824129105,-0.1249997466802597
a16_s1_neutral_sad,16,1,neutral,sad,-2.8749999329447746,4.375,-2.750000089406967,3.75,6.875000011175871,-0.25000007823109627,-0.7499998435378075
a16_s1_neutral_angry,16,1,neutral,angry,-5.000000171363354,6.875000238418579,-5.124999891966581,5.624999523162842,11.312499912455678,-0.6875002179294825,-1.1250009946525097
a16_s1_happy_sad,16,1,happy,sad,4.750000074505806,1.375,2.999999910593033,1.5,-2.4374999925494194,-0.8125000819563866,1.8750001639127731
a16_s1_happy_angry,16,1,happy,angry,2.0,5.749999523162842,1.75,5.062499523162842,3.531249523162842,-0.46875,-0.4375
a16_s1_sad_angry,16,1,sad,angry,2.874999925494194,3.750000238418579,1.625,2.625,0.9375001564621925,-1.1875000819563866,0.12499968707561493
a16_s2_neutral_happy,16,2,neutral,happy,-5.124999921768904,-0.125,-4.499999973922968,-1.125,4.187499947845936,-0.1875000260770321,-1.6249999478459358
a16_s2_neutral_sad,16,2,neutral,sad,-4.374999921768904,-1.9999999701976776,-3.6249999292194843,-1.3750000298023224,2.312499925494194,0.6874999664723873,-0.12500005215406418
a16_s2_neutral_angry,16,2,neutral,angry,-5.499999921768904,6.3125,-4.749999772757292,6.625,11.593749847263098,0.531250074505806,-0.43750014901161194
a16_s2_happy_sad,16,2,happy,sad,4.8749998807907104,1.125,4.624999821186066,0.875,-3.749999850988388,-0.2500000298023224,5.960464477539063e-08
a16_s2_happy_angry,16,2,happy,angry,3.2499998807907104,6.312500238418579,2.500000238418579,5.8125,3.1875000596046448,-0.6249999403953552,0.24999940395355225
a16_s2_sad_angry,16,2,sad,angry,-1.5,3.375,-1.25,4.125,5.125,0.5,0.5
a17_s1_neutral_happy,17,1,neutral,happy,2.250000238418579,0.625,2.250000238418579,0.5625002384185791,-1.6562501192092896,-0.03124988079071045,-0.0624997615814209
a17_s1_neutral_sad,17,1,neutral,sad,3.125000238418579,5.749999761581421,2.0000001192092896,5.3749998062849045,2.9999996051192284,-0.750000037252903,0.7500001639127731
a17_s1_neutral_angry,17,1,neutral,angry,5.000000178813934,4.624999850988388,4.750000059604645,5.374999791383743,0.12499970197677612,0.24999991059303284,1.0000000596046448
a17_s1_happy_sad,17,1,happy,sad,3.6874998956918716,6.437499910593033,4.0000001192092896,6.6874998062849045,2.718749850988388,0.2812500596046448,-0.06250032782554626
a17_s1_happy_angry,17,1,happy,angry,2.1874998807907104,5.1249998807907104,2.6874998807907104,5.624999791383743,2.9374999552965164,0.4999999552965164,-8.940696716308594e-08
a17_s1_sad_angry,17,1,sad,angry,-2.1250000447034836,-0.5,-2.3749998956918716,1.0000000298023224,2.499999985098839,0.6250000894069672,1.7499998807907104
a17_s2_neutral_happy,17,2,neutral,happy,-3.3750000298023224,-2.875,-3.3750000298023224,-2.687500238418579,0.5937499105930328,0.09374988079071045,0.1874997615814209
a17_s2_neutral_sad,17,2,neutral,sad,-1.5000000298023224,1.25,-1.6249999701976776,2.2499999701976776,3.312499985098839,0.4375000149011612,1.1249999105930328
a17_s2_neutral_angry,17,2,neutral,angry,-2.1250000298023224,0.25,-2.1249998807907104,1.875,3.1874999552965164,0.812500074505806,1.624999850988388
a17_s2_happy_sad,17,2,happy,sad,5.3125001192092896,2.1250000596046448,4.499999761581421,4.999999970197678,-1.343749925494194,1.031249776482582,3.6875002682209015
a17_s2_happy_angry,17,2,happy,angry,2.937500238418579,3.3125,3.0625,4.125,0.7187498807907104,0.46874988079071045,0.6875002384185791
a17_s2_sad_angry,17,2,sad,angry,-0.8749999701976776,-0.875,-0.375,-0.25,0.062499985098838806,0.5624999850988388,0.1250000298023224
a18_s1_neutral_happy,18,1,neutral,happy,1.125,3.8750000596046448,1.0,4.812500238418579,3.281250149011612,0.40625008940696716,1.0625001788139343
a18_s1_neutral_sad,18,1,neutral,sad,2.125,2.8750000596046448,1.1249998807907104,3.624999910593033,1.6250000447034836,-0.12500013411045074,1.7499999701976776
a18_s1_neutral_angry,18,1,neutral,angry,2.875,3.312499761581421,2.6249999403953552,4.8125,1.3124999105930328,0.6250000894069672,1.7500002980232239
a18_s1_happy_sad,18,1,happy,sad,-0.5,1.125,0.7500000298023224,2.874999910593033,1.8749999403953552,1.4999999701976776,0.49999988079071045
a18_s1_happy_angry,18,1,happy,angry,-4.062500238418579,4.0625,-4.0,3.75,7.9375001192092896,-0.12499988079071045,-0.3750002384185791
a18_s1_sad_angry,18,1,sad,angry,-1.1250000298023224,3.687499761581421,-0.125,3.1875,4.062499895691872,0.25000013411045074,-1.4999997913837433
a18_s2_neutral_happy,18,2,neutral,happy,0.25,5.187500074505806,-0.4999999403953552,5.375000145286322,5.406250080093741,-0.2812499348074198,0.9375000111758709
a18_s2_neutral_sad,18,2,neutral,sad,0.125,2.999999761581421,-0.875,1.625,2.6874998807907104,-1.1874998807907104,-0.3749997615814209
a18_s2_neutral_angry,18,2,neutral,angry,-0.875,6.500000238418579,-0.5,6.749999642372131,7.312499940395355,0.3124997019767761,-0.12500059604644775
a18_s2_happy_sad,18,2,happy,sad,-3.1249999068677425,-0.875,-2.7500001043081284,-0.9999998807907104,2.0000000651925802,0.12499996088445187,-0.49999968335032463
a18_s2_happy_angry,18,2,happy,angry,-4.375000145286322,4.375,-2.2500001043081284,5.8750001192092896,8.43750018440187,1.8125000800937414,-0.6249999217689037
a18_s2_sad_angry,18,2,sad,angry,1.7499998807907104,6.5624998807907104,2.2500000298023224,5.9375001192092896,4.250000044703484,-0.06249980628490448,-1.1249999105930328
a19_s1_neutral_happy,19,1,neutral,happy,-2.625,1.7499998807907104,-2.624999925494194,1.1875,4.093749903142452,-0.28124990314245224,-0.5624999552965164
a19_s1_neutral_sad,19,1,neutral,sad,-1.375,3.125,-1.25,4.374999761581421,5.0624998807907104,0.6874998807907104,1.124999761581421
a19_s1_neutral_angry,19,1,neutral,angry,-1.5,2.5,-1.0,2.125,3.5625,0.0625,-0.875
a19_s1_happy_sad,19,1,happy,sad,2.125,0.875,1.625,2.249999761581421,-0.31250011920928955,0.43749988079071045,1.874999761581421
a19_s1_happy_angry,19,1,happy,angry,0.375,2.6875,0.375,2.375,2.15625,-0.15625,-0.3125
a19_s1_sad_angry,19,1,sad,angry,1.6250000298023224,3.75,1.5,2.0625,1.3437499850988388,-0.9062500149011612,-1.5624999701976776
a19_s2_neutral_happy,19,2,neutral,happy,-0.5,-1.1249999403953552,-1.8749999403953552,-1.8749999403953552,-0.3124999701976776,-1.0624999701976776,0.6249999403953552
a19_s2_neutral_sad,19,2,neutral,sad,-0.125,1.875,-1.125,1.875,2.5,-0.5,1.0
a19_s2_neutral_angry,19,2,neutral,angry,1.0000000596046448,3.1249998807907104,0.875,3.312499761581421,2.2812497913837433,0.031249910593032837,0.3124999403953552
a19_s2_happy_sad,19,2,happy,sad,0.0,2.3749998807907104,-0.625,1.75,2.3749999403953552,-0.6249999403953552,1.1920928955078125e-07
a19_s2_happy_angry,19,2,happy,angry,-1.375,2.875000238418579,-1.25,3.312499761581421,4.40625,0.2812497615814209,0.3124995231628418
a19_s2_sad_angry,19,2,sad,angry,2.125000074505806,0.125,1.8749999552965164,0.5,-1.6875000149011612,0.062499940395355225,0.6250001192092896
a20_s1_neutral_happy,20,1,neutral,happy,-1.1249999403953552,3.812500238418579,-2.374999925494194,3.6875001192092896,5.500000111758709,-0.6875000521540642,1.1249998658895493
a20_s1_neutral_sad,20,1,neutral,sad,-1.2499999403953552,4.687499761581421,-1.9999998807907104,4.6875001192092896,6.312499850988388,-0.3749997913837433,0.7500002980232239
a20_s1_neutral_angry,20,1,neutral,angry,-2.2499999403953552,-0.25,-2.8749999403953552,-0.25,2.3124999403953552,-0.3125,0.625
a20_s1_happy_sad,20,1,happy,sad,1.0,2.8749998807907104,0.625,3.1250001192092896,2.1875,-0.06249988079071045,0.6250002384185791
a20_s1_happy_angry,20,1,happy,angry,0.875,0.6249997615814209,1.7500000298023224,0.25,-0.8750001341104507,0.25000013411045074,-1.2499997913837433
a20_s1_sad_angry,20,1,sad,angry,1.7499999701976776,-2.1250000596046448,1.4999999701976776,-2.749999910593033,-4.062499955296516,-0.43749992549419403,-0.37499985098838806
a20_s2_neutral_happy,20,2,neutral,happy,-2.8750000298023224,-3.437499761581421,-3.1249999329447746,-3.750000238418579,-0.5937500186264515,-0.2812501899898052,-0.06250057369470596
a20_s2_neutral_sad,20,2,neutral,sad,-3.2500000298023224,2.875,-3.500000037252903,3.499999523162842,6.562499795109034,0.1874997578561306,0.8749995306134224
a20_s2_neutral_angry,20,2,neutral,angry,-4.124999791383743,2.625,-4.125000178813934,3.562499761581421,7.218749865889549,0.46874968707561493,0.9375001490116119
a20_s2_happy_sad,20,2,happy,sad,5.750000178813934,-1.125,5.125,-0.875,-6.437500089406967,-0.18750008940696716,0.8750001788139343
a20_s2_happy_angry,20,2,happy,angry,4.500000238418579,3.499999523162842,4.437499761581421,5.687499761581421,0.12499964237213135,1.0624998807907104,2.2500007152557373
a20_s2_sad_angry,20,2,sad,angry,6.000000079162419,0.0,4.499999949708581,2.624999761581421,-3.9375001336447895,0.5624998160637915,4.124999891035259
a21_s1_neutral_happy,21,1,neutral,happy,-4.750000178813934,-3.749999925494194,-4.37499987334013,-3.7499998956918716,0.8125001154839993,0.18750016763806343,-0.3750002756714821
a21_s1_neutral_sad,21,1,neutral,sad,-2.8749999403953552,4.375,-2.2499999552965164,4.000000476837158,6.750000186264515,0.1250002309679985,-0.9999995082616806
a21_s1_neutral_angry,21,1,neutral,angry,-4.375000178813934,3.1875,-3.7500001043081284,2.4375,6.875000141561031,-0.062499962747097015,-1.375000074505806
a21_s1_happy_sad,21,1,happy,sad,1.5,1.875,0.875,1.25,0.375,-0.625,0.0
a21_s1_happy_angry,21,1,happy,angry,-0.8125002384185791,1.7500004768371582,-0.25,1.125,1.9687503576278687,-0.03125011920928955,-1.1875007152557373
a21_s1_sad_angry,21,1,sad,angry,4.499999824911356,1.5,4.874999837018549,1.625,-3.1249998309649527,0.25000000605359674,-0.25000001210719347
a21_s2_neutral_happy,21,2,neutral,happy,-3.9999998435378075,-2.5,-4.000000149011612,-2.624999985098839,1.4375000037252903,-0.06250014528632164,-0.12499967962503433
a21_s2_neutral_sad,21,2,neutral,sad,-2.6250000819563866,1.0,-2.8749999329447746,0.625,3.5625000074505806,-0.31249992549419403,-0.12500014901161194
a21_s2_neutral_angry,21,2,neutral,angry,-3.9999998435378075,2.8125,-3.749999977648258,2.3125,6.437499910593033,-0.12500006705522537,-0.7499998658895493
a21_s2_happy_sad,21,2,happy,sad,0.5,-6.500000178813934,-0.125,-5.6249998807907104,-6.250000029802322,0.12500014901161194,1.5000002980232239
a21_s2_happy_angry,21,2,happy,angry,-0.25,1.7499995231628418,-0.125,1.0,1.562499761581421,-0.3124997615814209,-0.8749995231628418
a21_s2_sad_angry,21,2,sad,angry,4.3749998807907104,2.375,4.5000001192092896,1.75,-2.375,-0.24999988079071045,-0.7500002384185791
a22_s1_neutral_happy,22,1,neutral,happy,-4.812500149011612,0.875,-4.9374998807907104,0.125,5.375000014901161,-0.43749986588954926,-0.6250002682209015
a22_s1_neutral_sad,22,1,neutral,sad,-1.9999999105930328,3.875,-1.9999999701976776,3.875,5.874999940395355,-2.9802322387695312e-08,5.960464477539063e-08
a22_s1_neutral_angry,22,1,neutral,angry,-4.000000149011612,2.500000238418579,-4.249999783933163,2.875,6.812500085681677,0.06250006332993507,0.6249993965029716
a22_s1_happy_sad,22,1,happy,sad,4.250000081956387,2.2500001192092896,2.624999925494194,2.5,-1.0624999441206455,-0.687500137835741,1.875000037252903
a22_s1_happy_angry,22,1,happy,angry,0.625,2.25,0.0,2.6875,2.15625,-0.09375,1.0625
a22_s1_sad_angry,22,1,sad,angry,0.0,-0.125,0.125,-0.375,-0.3125,-0.0625,-0.375
a22_s2_neutral_happy,22,2,neutral,happy,-4.874999798834324,0.125,-4.75,0.49999988079071045,5.124999839812517,0.24999983981251717,0.25000008195638657
a22_s2_neutral_sad,22,2,neutral,sad,-2.750000037252903,3.25,-2.3749999031424522,3.4999998807907104,5.937499910593033,0.3125000074505806,-0.1250002533197403
a22_s2_neutral_angry,22,2,neutral,angry,-4.499999798834324,0.6250001192092896,-4.124999776482582,0.375,4.812499847263098,0.06249995157122612,-0.6250001415610313
a22_s2_happy_sad,22,2,happy,sad,1.625,0.375,1.6249999701976776,1.2499998807907104,-0.8125000447034836,0.43749992549419403,0.8749999105930328
a22_s2_happy_angry,22,2,happy,angry,-1.1249998807907104,2.75,-1.125,2.749999761581421,3.8749998211860657,-1.7881393432617188e-07,-1.1920928955078125e-07
a22_s2_sad_angry,22,2,sad,angry,0.25,-1.7499999403953552,0.25,-0.75,-1.4999999701976776,0.4999999701976776,0.9999999403953552
a23_s1_neutral_happy,23,1,neutral,happy,-4.624999940395355,-0.8125,-4.374999791383743,-1.0625,3.5624998658895493,7.450580596923828e-08,-0.5000001490116119
a23_s1_neutral_sad,23,1,neutral,sad,-1.3749999403953552,2.625,-1.375,1.625,3.4999999701976776,-0.5000000298023224,-0.9999999403953552
a23_s1_neutral_angry,23,1,neutral,angry,-2.9999999403953552,0.0625,-3.0000000447034836,1.6875,3.8749999925494194,0.8124999478459358,1.6250001043081284
a23_s1_happy_sad,23,1,happy,sad,4.374999761581421,0.375,4.437500059604645,0.5,-3.968749910593033,0.09375014901161194,0.06249970197677612
a23_s1_happy_angry,23,1,happy,angry,0.75,0.75,0.375,1.625,0.625,0.25,1.25
a23_s1_sad_angry,23,1,sad,angry,2.1249998956918716,-3.062499761581421,1.6250000298023224,-0.8750002384185791,-3.843749962747097,0.8437498286366463,2.687499389052391
a23_s2_neutral_happy,23,2,neutral,happy,-3.9999999403953552,-1.8125,-4.374999985098839,-1.5625,2.499999962747097,-0.06250002235174179,0.6250000447034836
a23_s2_neutral_sad,23,2,neutral,sad,-1.7499999403953552,0.375,-1.874999925494194,1.0,2.4999999329447746,0.2500000074505806,0.7499999850988388
a23_s2_neutral_angry,23,2,neutral,angry,-3.4999999403953552,1.125,-3.8750000447034836,2.500000476837158,5.5000002309679985,0.5000001862645149,1.7500005811452866
a23_s2_happy_sad,23,2,happy,sad,4.1250001192092896,1.3749998807907104,5.062500238418579,1.625,-3.093750238418579,0.5937501192092896,-0.6875
a23_s2_happy_angry,23,2,happy,angry,2.75,1.6875004768371582,3.062499761581421,2.062500476837158,-1.0312494039535522,0.34374988079071045,0.0625002384185791
a23_s2_sad_angry,23,2,sad,angry,-0.375,-0.3125,-0.375,0.6875,0.5625,0.5,1.0
a24_s1_neutral_happy,24,1,neutral,happy,-2.8749999701976776,-0.5,-1.9999999105930328,-0.875,1.7499999403953552,0.2500000298023224,-1.2500000596046448
a24_s1_neutral_sad,24,1,neutral,sad,-2.4999999701976776,-0.125,-2.5000001043081284,2.5,3.687500037252903,1.3124999329447746,2.6250001341104507
a24_s1_neutral_angry,24,1,neutral,angry,-3.6249999701976776,5.124999523162842,-3.8749999552965164,4.0,8.312499724328518,-0.6874997541308403,-0.874999538064003
a24_s1_happy_sad,24,1,happy,sad,3.625000014901161,-2.6249998807907104,1.6250000596046448,-3.5,-5.687499977648258,-1.437500037252903,1.1249998360872269
a24_s1_happy_angry,24,1,happy,angry,1.125,2.937499523162842,-1.125,2.8125,2.874999761581421,-1.187499761581421,2.125000476837158
a24_s1_sad_angry,24,1,sad,angry,4.125,-0.875,4.874999850988388,-1.0,-5.437499925494194,0.31249992549419403,-0.8749998509883881
a24_s2_neutral_happy,24,2,neutral,happy,-3.750000052154064,-1.0,-4.12499987334013,-0.8749999403953552,2.9999999925494194,-0.12499988079071045,0.49999988079071045
a24_s2_neutral_sad,24,2,neutral,sad,-3.375000052154064,1.875,-3.3750000596046448,1.625,5.1250000558793545,-0.1250000037252903,-0.2499999925494194
a24_s2_neutral_angry,24,2,neutral,angry,-4.375000052154064,2.812500476837158,-4.374999985098839,3.375000476837158,7.46875049546361,0.2812500335276127,0.5624999329447746
a24_s2_happy_sad,24,2,happy,sad,-0.375,-3.749999910593033,-0.375,-2.1249999403953552,-2.562499925494194,0.8124999850988388,1.6249999701976776
a24_s2_happy_angry,24,2,happy,angry,-1.25,4.062499523162842,-1.375,4.562500476837158,5.625,0.1875004768371582,0.6250009536743164
a24_s2_sad_angry,24,2,sad,angry,1.5,1.375,1.6250001192092896,1.125,-0.3125000596046448,-0.062499940395355225,-0.37500011920928955
